-- MySQL dump 10.13  Distrib 5.1.73, for redhat-linux-gnu (x86_64)
--
-- Host: ariel    Database: baukis_development
-- ------------------------------------------------------
-- Server version	5.1.61

/*!40101 SET @OLD_CHARACTER_SET_CLIENT=@@CHARACTER_SET_CLIENT */;
/*!40101 SET @OLD_CHARACTER_SET_RESULTS=@@CHARACTER_SET_RESULTS */;
/*!40101 SET @OLD_COLLATION_CONNECTION=@@COLLATION_CONNECTION */;
/*!40101 SET NAMES utf8 */;
/*!40103 SET @OLD_TIME_ZONE=@@TIME_ZONE */;
/*!40103 SET TIME_ZONE='+00:00' */;
/*!40014 SET @OLD_UNIQUE_CHECKS=@@UNIQUE_CHECKS, UNIQUE_CHECKS=0 */;
/*!40014 SET @OLD_FOREIGN_KEY_CHECKS=@@FOREIGN_KEY_CHECKS, FOREIGN_KEY_CHECKS=0 */;
/*!40101 SET @OLD_SQL_MODE=@@SQL_MODE, SQL_MODE='NO_AUTO_VALUE_ON_ZERO' */;
/*!40111 SET @OLD_SQL_NOTES=@@SQL_NOTES, SQL_NOTES=0 */;

--
-- Table structure for table `addresses`
--

DROP TABLE IF EXISTS `addresses`;
/*!40101 SET @saved_cs_client     = @@character_set_client */;
/*!40101 SET character_set_client = utf8 */;
CREATE TABLE `addresses` (
  `id` int(11) NOT NULL AUTO_INCREMENT,
  `customer_id` int(11) NOT NULL,
  `type` varchar(255) NOT NULL,
  `postal_code` varchar(255) NOT NULL,
  `prefecture` varchar(255) NOT NULL,
  `city` varchar(255) NOT NULL,
  `address1` varchar(255) NOT NULL,
  `address2` varchar(255) NOT NULL,
  `company_name` varchar(255) NOT NULL DEFAULT '',
  `division_name` varchar(255) NOT NULL DEFAULT '',
  `created_at` datetime DEFAULT NULL,
  `updated_at` datetime DEFAULT NULL,
  PRIMARY KEY (`id`),
  UNIQUE KEY `index_addresses_on_type_and_customer_id` (`type`,`customer_id`) USING BTREE,
  KEY `index_addresses_on_city` (`city`) USING BTREE,
  KEY `index_addresses_on_customer_id` (`customer_id`) USING BTREE,
  KEY `index_addresses_on_postal_code` (`postal_code`) USING BTREE,
  KEY `index_addresses_on_prefecture_and_city` (`prefecture`,`city`) USING BTREE,
  KEY `index_addresses_on_type_and_city` (`type`,`city`) USING BTREE,
  KEY `index_addresses_on_type_and_prefecture_and_city` (`type`,`prefecture`,`city`) USING BTREE,
  CONSTRAINT `fk_rails_d5f9efddd3` FOREIGN KEY (`customer_id`) REFERENCES `customers` (`id`)
) ENGINE=InnoDB AUTO_INCREMENT=141 DEFAULT CHARSET=utf8;
/*!40101 SET character_set_client = @saved_cs_client */;

--
-- Dumping data for table `addresses`
--

LOCK TABLES `addresses` WRITE;
/*!40000 ALTER TABLE `addresses` DISABLE KEYS */;
INSERT INTO `addresses` VALUES (1,1,'HomeAddress','0332342','東京都','黄巻市','開発1-2-3','レイルズハイツ301号室','','','2016-08-14 23:14:48','2016-08-14 23:14:48'),(2,1,'WorkAddress','3242357','福岡県','青巻市','試験4-5-6','ルビービル2F','XYZ','','2016-08-14 23:14:48','2016-08-14 23:14:48'),(3,2,'HomeAddress','8357588','日本国外','赤巻市','開発1-2-3','レイルズハイツ301号室','','','2016-08-14 23:14:48','2016-08-14 23:14:48'),(4,3,'HomeAddress','6624774','愛知県','赤巻市','開発1-2-3','レイルズハイツ301号室','','','2016-08-14 23:14:49','2016-08-14 23:14:49'),(5,4,'HomeAddress','9382249','埼玉県','赤巻市','開発1-2-3','レイルズハイツ301号室','','','2016-08-14 23:14:49','2016-08-14 23:14:49'),(6,4,'WorkAddress','8242898','奈良県','青巻市','試験4-5-6','ルビービル2F','XYZ','','2016-08-14 23:14:49','2016-08-14 23:14:49'),(7,5,'HomeAddress','9344961','大阪府','黄巻市','開発1-2-3','レイルズハイツ301号室','','','2016-08-14 23:14:50','2016-08-14 23:14:50'),(8,6,'HomeAddress','1412097','山形県','赤巻市','開発1-2-3','レイルズハイツ301号室','','','2016-08-14 23:14:50','2016-08-14 23:14:50'),(9,7,'HomeAddress','4684711','栃木県','黄巻市','開発1-2-3','レイルズハイツ301号室','','','2016-08-14 23:14:51','2016-08-14 23:14:51'),(10,7,'WorkAddress','3109133','三重県','赤巻市','試験4-5-6','ルビービル2F','XYZ','','2016-08-14 23:14:51','2016-08-14 23:14:51'),(11,8,'HomeAddress','6652583','徳島県','青巻市','開発1-2-3','レイルズハイツ301号室','','','2016-08-14 23:14:51','2016-08-14 23:14:51'),(12,9,'HomeAddress','1412629','愛媛県','青巻市','開発1-2-3','レイルズハイツ301号室','','','2016-08-14 23:14:51','2016-08-14 23:14:51'),(13,10,'HomeAddress','0842653','沖縄県','青巻市','開発1-2-3','レイルズハイツ301号室','','','2016-08-14 23:14:52','2016-08-14 23:14:52'),(14,10,'WorkAddress','5540600','山形県','赤巻市','試験4-5-6','ルビービル2F','XYZ','','2016-08-14 23:14:52','2016-08-14 23:14:52'),(15,11,'HomeAddress','7209988','秋田県','黄巻市','開発1-2-3','レイルズハイツ301号室','','','2016-08-14 23:14:52','2016-08-14 23:14:52'),(16,11,'WorkAddress','9141571','宮崎県','青巻市','試験4-5-6','ルビービル2F','XYZ','','2016-08-14 23:14:52','2016-08-14 23:14:52'),(17,12,'HomeAddress','9440068','秋田県','黄巻市','開発1-2-3','レイルズハイツ301号室','','','2016-08-14 23:14:53','2016-08-14 23:14:53'),(18,13,'HomeAddress','4179224','岩手県','赤巻市','開発1-2-3','レイルズハイツ301号室','','','2016-08-14 23:14:53','2016-08-14 23:14:53'),(19,14,'HomeAddress','5806470','滋賀県','青巻市','開発1-2-3','レイルズハイツ301号室','','','2016-08-14 23:14:53','2016-08-14 23:14:53'),(20,14,'WorkAddress','7549760','北海道','黄巻市','試験4-5-6','ルビービル2F','ABC','','2016-08-14 23:14:54','2016-08-14 23:14:54'),(21,15,'HomeAddress','4702421','大分県','赤巻市','開発1-2-3','レイルズハイツ301号室','','','2016-08-14 23:14:54','2016-08-14 23:14:54'),(22,16,'HomeAddress','1385706','長崎県','赤巻市','開発1-2-3','レイルズハイツ301号室','','','2016-08-14 23:14:54','2016-08-14 23:14:54'),(23,17,'HomeAddress','1560069','宮城県','赤巻市','開発1-2-3','レイルズハイツ301号室','','','2016-08-14 23:14:55','2016-08-14 23:14:55'),(24,17,'WorkAddress','3465899','佐賀県','黄巻市','試験4-5-6','ルビービル2F','XYZ','','2016-08-14 23:14:55','2016-08-14 23:14:55'),(25,18,'HomeAddress','3382370','和歌山県','青巻市','開発1-2-3','レイルズハイツ301号室','','','2016-08-14 23:14:55','2016-08-14 23:14:55'),(26,19,'HomeAddress','6635475','三重県','青巻市','開発1-2-3','レイルズハイツ301号室','','','2016-08-14 23:14:56','2016-08-14 23:14:56'),(27,20,'HomeAddress','8587636','香川県','青巻市','開発1-2-3','レイルズハイツ301号室','','','2016-08-14 23:14:56','2016-08-14 23:14:56'),(28,20,'WorkAddress','5693263','長野県','赤巻市','試験4-5-6','ルビービル2F','ABC','','2016-08-14 23:14:56','2016-08-14 23:14:56'),(29,21,'HomeAddress','6374404','福島県','黄巻市','開発1-2-3','レイルズハイツ301号室','','','2016-08-14 23:14:56','2016-08-14 23:14:56'),(30,21,'WorkAddress','3660498','千葉県','赤巻市','試験4-5-6','ルビービル2F','ABC','','2016-08-14 23:14:57','2016-08-14 23:14:57'),(31,22,'HomeAddress','4944327','栃木県','赤巻市','開発1-2-3','レイルズハイツ301号室','','','2016-08-14 23:14:57','2016-08-14 23:14:57'),(32,23,'HomeAddress','7524846','和歌山県','青巻市','開発1-2-3','レイルズハイツ301号室','','','2016-08-14 23:14:58','2016-08-14 23:14:58'),(33,24,'HomeAddress','7067564','石川県','黄巻市','開発1-2-3','レイルズハイツ301号室','','','2016-08-14 23:14:58','2016-08-14 23:14:58'),(34,24,'WorkAddress','9552000','静岡県','黄巻市','試験4-5-6','ルビービル2F','ABC','','2016-08-14 23:14:58','2016-08-14 23:14:58'),(35,25,'HomeAddress','4308528','富山県','黄巻市','開発1-2-3','レイルズハイツ301号室','','','2016-08-14 23:14:58','2016-08-14 23:14:58'),(36,26,'HomeAddress','3386665','北海道','青巻市','開発1-2-3','レイルズハイツ301号室','','','2016-08-14 23:14:59','2016-08-14 23:14:59'),(37,27,'HomeAddress','3208335','山口県','青巻市','開発1-2-3','レイルズハイツ301号室','','','2016-08-14 23:14:59','2016-08-14 23:14:59'),(38,27,'WorkAddress','8595688','香川県','黄巻市','試験4-5-6','ルビービル2F','XYZ','','2016-08-14 23:14:59','2016-08-14 23:14:59'),(39,28,'HomeAddress','4582377','日本国外','青巻市','開発1-2-3','レイルズハイツ301号室','','','2016-08-14 23:15:00','2016-08-14 23:15:00'),(40,29,'HomeAddress','7687870','熊本県','黄巻市','開発1-2-3','レイルズハイツ301号室','','','2016-08-14 23:15:00','2016-08-14 23:15:00'),(41,30,'HomeAddress','7161839','和歌山県','青巻市','開発1-2-3','レイルズハイツ301号室','','','2016-08-14 23:15:00','2016-08-14 23:15:00'),(42,30,'WorkAddress','4988414','静岡県','青巻市','試験4-5-6','ルビービル2F','XYZ','','2016-08-14 23:15:00','2016-08-14 23:15:00'),(43,31,'HomeAddress','7072861','佐賀県','青巻市','開発1-2-3','レイルズハイツ301号室','','','2016-08-14 23:15:01','2016-08-14 23:15:01'),(44,31,'WorkAddress','1347880','和歌山県','青巻市','試験4-5-6','ルビービル2F','XYZ','','2016-08-14 23:15:01','2016-08-14 23:15:01'),(45,32,'HomeAddress','1231273','新潟県','赤巻市','開発1-2-3','レイルズハイツ301号室','','','2016-08-14 23:15:02','2016-08-14 23:15:02'),(46,33,'HomeAddress','7393159','高知県','黄巻市','開発1-2-3','レイルズハイツ301号室','','','2016-08-14 23:15:02','2016-08-14 23:15:02'),(47,34,'HomeAddress','3634931','北海道','青巻市','開発1-2-3','レイルズハイツ301号室','','','2016-08-14 23:15:02','2016-08-14 23:15:02'),(48,34,'WorkAddress','5926032','鹿児島県','青巻市','試験4-5-6','ルビービル2F','ABC','','2016-08-14 23:15:02','2016-08-14 23:15:02'),(49,35,'HomeAddress','9690913','神奈川県','青巻市','開発1-2-3','レイルズハイツ301号室','','','2016-08-14 23:15:03','2016-08-14 23:15:03'),(50,36,'HomeAddress','1223725','山梨県','赤巻市','開発1-2-3','レイルズハイツ301号室','','','2016-08-14 23:15:03','2016-08-14 23:15:03'),(51,37,'HomeAddress','5661503','和歌山県','青巻市','開発1-2-3','レイルズハイツ301号室','','','2016-08-14 23:15:03','2016-08-14 23:15:03'),(52,37,'WorkAddress','8693084','香川県','青巻市','試験4-5-6','ルビービル2F','XYZ','','2016-08-14 23:15:04','2016-08-14 23:15:04'),(53,38,'HomeAddress','9258285','宮城県','赤巻市','開発1-2-3','レイルズハイツ301号室','','','2016-08-14 23:15:04','2016-08-14 23:15:04'),(54,39,'HomeAddress','4164967','香川県','黄巻市','開発1-2-3','レイルズハイツ301号室','','','2016-08-14 23:15:04','2016-08-14 23:15:04'),(55,40,'HomeAddress','9572840','滋賀県','黄巻市','開発1-2-3','レイルズハイツ301号室','','','2016-08-14 23:15:05','2016-08-14 23:15:05'),(56,40,'WorkAddress','6128030','茨城県','青巻市','試験4-5-6','ルビービル2F','OIAX','','2016-08-14 23:15:05','2016-08-14 23:15:05'),(57,41,'HomeAddress','0497578','秋田県','赤巻市','開発1-2-3','レイルズハイツ301号室','','','2016-08-14 23:15:05','2016-08-14 23:15:05'),(58,41,'WorkAddress','4170487','山口県','赤巻市','試験4-5-6','ルビービル2F','OIAX','','2016-08-14 23:15:05','2016-08-14 23:15:05'),(59,42,'HomeAddress','2365266','山梨県','赤巻市','開発1-2-3','レイルズハイツ301号室','','','2016-08-14 23:15:05','2016-08-14 23:15:05'),(60,43,'HomeAddress','3047130','滋賀県','黄巻市','開発1-2-3','レイルズハイツ301号室','','','2016-08-14 23:15:06','2016-08-14 23:15:06'),(61,44,'HomeAddress','4761125','鳥取県','黄巻市','開発1-2-3','レイルズハイツ301号室','','','2016-08-14 23:15:06','2016-08-14 23:15:06'),(62,44,'WorkAddress','6601523','三重県','赤巻市','試験4-5-6','ルビービル2F','XYZ','','2016-08-14 23:15:06','2016-08-14 23:15:06'),(63,45,'HomeAddress','9490222','山梨県','赤巻市','開発1-2-3','レイルズハイツ301号室','','','2016-08-14 23:15:07','2016-08-14 23:15:07'),(64,46,'HomeAddress','1741586','山口県','青巻市','開発1-2-3','レイルズハイツ301号室','','','2016-08-14 23:15:07','2016-08-14 23:15:07'),(65,47,'HomeAddress','1166141','京都府','黄巻市','開発1-2-3','レイルズハイツ301号室','','','2016-08-14 23:15:07','2016-08-14 23:15:07'),(66,47,'WorkAddress','0572895','長崎県','青巻市','試験4-5-6','ルビービル2F','OIAX','','2016-08-14 23:15:07','2016-08-14 23:15:07'),(67,48,'HomeAddress','3206956','福井県','黄巻市','開発1-2-3','レイルズハイツ301号室','','','2016-08-14 23:15:08','2016-08-14 23:15:08'),(68,49,'HomeAddress','2352847','広島県','赤巻市','開発1-2-3','レイルズハイツ301号室','','','2016-08-14 23:15:08','2016-08-14 23:15:08'),(69,50,'HomeAddress','0391950','宮城県','青巻市','開発1-2-3','レイルズハイツ301号室','','','2016-08-14 23:15:08','2016-08-14 23:15:08'),(70,50,'WorkAddress','0589488','香川県','青巻市','試験4-5-6','ルビービル2F','ABC','','2016-08-14 23:15:09','2016-08-14 23:15:09'),(71,51,'HomeAddress','9401935','愛媛県','赤巻市','開発1-2-3','レイルズハイツ301号室','','','2016-08-14 23:15:09','2016-08-14 23:15:09'),(72,51,'WorkAddress','5986604','愛知県','黄巻市','試験4-5-6','ルビービル2F','OIAX','','2016-08-14 23:15:09','2016-08-14 23:15:09'),(73,52,'HomeAddress','0130202','香川県','青巻市','開発1-2-3','レイルズハイツ301号室','','','2016-08-14 23:15:09','2016-08-14 23:15:09'),(74,53,'HomeAddress','3756210','北海道','黄巻市','開発1-2-3','レイルズハイツ301号室','','','2016-08-14 23:15:10','2016-08-14 23:15:10'),(75,54,'HomeAddress','8278276','佐賀県','青巻市','開発1-2-3','レイルズハイツ301号室','','','2016-08-14 23:15:10','2016-08-14 23:15:10'),(76,54,'WorkAddress','7980318','神奈川県','青巻市','試験4-5-6','ルビービル2F','XYZ','','2016-08-14 23:15:10','2016-08-14 23:15:10'),(77,55,'HomeAddress','7303953','山口県','黄巻市','開発1-2-3','レイルズハイツ301号室','','','2016-08-14 23:15:11','2016-08-14 23:15:11'),(78,56,'HomeAddress','4497102','栃木県','黄巻市','開発1-2-3','レイルズハイツ301号室','','','2016-08-14 23:15:11','2016-08-14 23:15:11'),(79,57,'HomeAddress','3066531','石川県','青巻市','開発1-2-3','レイルズハイツ301号室','','','2016-08-14 23:15:11','2016-08-14 23:15:11'),(80,57,'WorkAddress','6026888','京都府','青巻市','試験4-5-6','ルビービル2F','OIAX','','2016-08-14 23:15:12','2016-08-14 23:15:12'),(81,58,'HomeAddress','9789100','広島県','赤巻市','開発1-2-3','レイルズハイツ301号室','','','2016-08-14 23:15:12','2016-08-14 23:15:12'),(82,59,'HomeAddress','4721275','鳥取県','黄巻市','開発1-2-3','レイルズハイツ301号室','','','2016-08-14 23:15:12','2016-08-14 23:15:12'),(83,60,'HomeAddress','2789256','岩手県','黄巻市','開発1-2-3','レイルズハイツ301号室','','','2016-08-14 23:15:13','2016-08-14 23:15:13'),(84,60,'WorkAddress','3710930','静岡県','赤巻市','試験4-5-6','ルビービル2F','OIAX','','2016-08-14 23:15:13','2016-08-14 23:15:13'),(85,61,'HomeAddress','3957455','神奈川県','黄巻市','開発1-2-3','レイルズハイツ301号室','','','2016-08-14 23:15:13','2016-08-14 23:15:13'),(86,61,'WorkAddress','8238211','鹿児島県','黄巻市','試験4-5-6','ルビービル2F','XYZ','','2016-08-14 23:15:13','2016-08-14 23:15:13'),(87,62,'HomeAddress','1286152','鳥取県','青巻市','開発1-2-3','レイルズハイツ301号室','','','2016-08-14 23:15:14','2016-08-14 23:15:14'),(88,63,'HomeAddress','5550606','長崎県','黄巻市','開発1-2-3','レイルズハイツ301号室','','','2016-08-14 23:15:14','2016-08-14 23:15:14'),(89,64,'HomeAddress','0340126','広島県','青巻市','開発1-2-3','レイルズハイツ301号室','','','2016-08-14 23:15:14','2016-08-14 23:15:14'),(90,64,'WorkAddress','0934755','静岡県','青巻市','試験4-5-6','ルビービル2F','XYZ','','2016-08-14 23:15:15','2016-08-14 23:15:15'),(91,65,'HomeAddress','1032504','石川県','赤巻市','開発1-2-3','レイルズハイツ301号室','','','2016-08-14 23:15:15','2016-08-14 23:15:15'),(92,66,'HomeAddress','3474735','宮城県','赤巻市','開発1-2-3','レイルズハイツ301号室','','','2016-08-14 23:15:15','2016-08-14 23:15:15'),(93,67,'HomeAddress','8657961','富山県','赤巻市','開発1-2-3','レイルズハイツ301号室','','','2016-08-14 23:15:16','2016-08-14 23:15:16'),(94,67,'WorkAddress','2825036','広島県','黄巻市','試験4-5-6','ルビービル2F','ABC','','2016-08-14 23:15:16','2016-08-14 23:15:16'),(95,68,'HomeAddress','9366575','東京都','赤巻市','開発1-2-3','レイルズハイツ301号室','','','2016-08-14 23:15:16','2016-08-14 23:15:16'),(96,69,'HomeAddress','8383231','秋田県','黄巻市','開発1-2-3','レイルズハイツ301号室','','','2016-08-14 23:15:16','2016-08-14 23:15:16'),(97,70,'HomeAddress','1063146','長野県','赤巻市','開発1-2-3','レイルズハイツ301号室','','','2016-08-14 23:15:17','2016-08-14 23:15:17'),(98,70,'WorkAddress','8284640','長崎県','青巻市','試験4-5-6','ルビービル2F','XYZ','','2016-08-14 23:15:17','2016-08-14 23:15:17'),(99,71,'HomeAddress','6725457','東京都','赤巻市','開発1-2-3','レイルズハイツ301号室','','','2016-08-14 23:15:17','2016-08-14 23:15:17'),(100,71,'WorkAddress','6754458','島根県','青巻市','試験4-5-6','ルビービル2F','XYZ','','2016-08-14 23:15:17','2016-08-14 23:15:17'),(101,72,'HomeAddress','2380251','愛媛県','黄巻市','開発1-2-3','レイルズハイツ301号室','','','2016-08-14 23:15:18','2016-08-14 23:15:18'),(102,73,'HomeAddress','0895187','和歌山県','黄巻市','開発1-2-3','レイルズハイツ301号室','','','2016-08-14 23:15:18','2016-08-14 23:15:18'),(103,74,'HomeAddress','9718905','岐阜県','青巻市','開発1-2-3','レイルズハイツ301号室','','','2016-08-14 23:15:19','2016-08-14 23:15:19'),(104,74,'WorkAddress','4390727','埼玉県','黄巻市','試験4-5-6','ルビービル2F','OIAX','','2016-08-14 23:15:19','2016-08-14 23:15:19'),(105,75,'HomeAddress','7216938','岡山県','赤巻市','開発1-2-3','レイルズハイツ301号室','','','2016-08-14 23:15:19','2016-08-14 23:15:19'),(106,76,'HomeAddress','2721090','埼玉県','青巻市','開発1-2-3','レイルズハイツ301号室','','','2016-08-14 23:15:19','2016-08-14 23:15:19'),(107,77,'HomeAddress','5752713','岐阜県','青巻市','開発1-2-3','レイルズハイツ301号室','','','2016-08-14 23:15:20','2016-08-14 23:15:20'),(108,77,'WorkAddress','4396900','三重県','青巻市','試験4-5-6','ルビービル2F','OIAX','','2016-08-14 23:15:20','2016-08-14 23:15:20'),(109,78,'HomeAddress','2791501','石川県','黄巻市','開発1-2-3','レイルズハイツ301号室','','','2016-08-14 23:15:20','2016-08-14 23:15:20'),(110,79,'HomeAddress','6376381','福井県','赤巻市','開発1-2-3','レイルズハイツ301号室','','','2016-08-14 23:15:21','2016-08-14 23:15:21'),(111,80,'HomeAddress','2591554','奈良県','青巻市','開発1-2-3','レイルズハイツ301号室','','','2016-08-14 23:15:21','2016-08-14 23:15:21'),(112,80,'WorkAddress','0226274','山梨県','赤巻市','試験4-5-6','ルビービル2F','XYZ','','2016-08-14 23:15:21','2016-08-14 23:15:21'),(113,81,'HomeAddress','9165665','香川県','青巻市','開発1-2-3','レイルズハイツ301号室','','','2016-08-14 23:15:21','2016-08-14 23:15:21'),(114,81,'WorkAddress','8722840','滋賀県','赤巻市','試験4-5-6','ルビービル2F','XYZ','','2016-08-14 23:15:22','2016-08-14 23:15:22'),(115,82,'HomeAddress','4324452','静岡県','赤巻市','開発1-2-3','レイルズハイツ301号室','','','2016-08-14 23:15:22','2016-08-14 23:15:22'),(116,83,'HomeAddress','5736188','鹿児島県','黄巻市','開発1-2-3','レイルズハイツ301号室','','','2016-08-14 23:15:23','2016-08-14 23:15:23'),(117,84,'HomeAddress','5057491','大阪府','赤巻市','開発1-2-3','レイルズハイツ301号室','','','2016-08-14 23:15:23','2016-08-14 23:15:23'),(118,84,'WorkAddress','6078821','宮崎県','青巻市','試験4-5-6','ルビービル2F','XYZ','','2016-08-14 23:15:23','2016-08-14 23:15:23'),(119,85,'HomeAddress','4509254','滋賀県','青巻市','開発1-2-3','レイルズハイツ301号室','','','2016-08-14 23:15:23','2016-08-14 23:15:23'),(120,86,'HomeAddress','9308802','愛知県','黄巻市','開発1-2-3','レイルズハイツ301号室','','','2016-08-14 23:15:24','2016-08-14 23:15:24'),(121,87,'HomeAddress','3555595','徳島県','赤巻市','開発1-2-3','レイルズハイツ301号室','','','2016-08-14 23:15:24','2016-08-14 23:15:24'),(122,87,'WorkAddress','0788749','北海道','青巻市','試験4-5-6','ルビービル2F','ABC','','2016-08-14 23:15:24','2016-08-14 23:15:24'),(123,88,'HomeAddress','9424380','香川県','青巻市','開発1-2-3','レイルズハイツ301号室','','','2016-08-14 23:15:24','2016-08-14 23:15:24'),(124,89,'HomeAddress','5989152','京都府','黄巻市','開発1-2-3','レイルズハイツ301号室','','','2016-08-14 23:15:25','2016-08-14 23:15:25'),(125,90,'HomeAddress','1373030','長野県','黄巻市','開発1-2-3','レイルズハイツ301号室','','','2016-08-14 23:15:25','2016-08-14 23:15:25'),(126,90,'WorkAddress','1279979','群馬県','青巻市','試験4-5-6','ルビービル2F','XYZ','','2016-08-14 23:15:25','2016-08-14 23:15:25'),(127,91,'HomeAddress','4293200','栃木県','赤巻市','開発1-2-3','レイルズハイツ301号室','','','2016-08-14 23:15:26','2016-08-14 23:15:26'),(128,91,'WorkAddress','1321549','宮崎県','青巻市','試験4-5-6','ルビービル2F','ABC','','2016-08-14 23:15:26','2016-08-14 23:15:26'),(129,92,'HomeAddress','5455443','宮城県','青巻市','開発1-2-3','レイルズハイツ301号室','','','2016-08-14 23:15:26','2016-08-14 23:15:26'),(130,93,'HomeAddress','5346890','宮城県','青巻市','開発1-2-3','レイルズハイツ301号室','','','2016-08-14 23:15:26','2016-08-14 23:15:26'),(131,94,'HomeAddress','6918520','福岡県','青巻市','開発1-2-3','レイルズハイツ301号室','','','2016-08-14 23:15:27','2016-08-14 23:15:27'),(132,94,'WorkAddress','0205913','山口県','黄巻市','試験4-5-6','ルビービル2F','XYZ','','2016-08-14 23:15:27','2016-08-14 23:15:27'),(133,95,'HomeAddress','1672980','鹿児島県','青巻市','開発1-2-3','レイルズハイツ301号室','','','2016-08-14 23:15:27','2016-08-14 23:15:27'),(134,96,'HomeAddress','4920160','福岡県','赤巻市','開発1-2-3','レイルズハイツ301号室','','','2016-08-14 23:15:28','2016-08-14 23:15:28'),(135,97,'HomeAddress','8939119','長崎県','青巻市','開発1-2-3','レイルズハイツ301号室','','','2016-08-14 23:15:28','2016-08-14 23:15:28'),(136,97,'WorkAddress','0100337','奈良県','黄巻市','試験4-5-6','ルビービル2F','XYZ','','2016-08-14 23:15:28','2016-08-14 23:15:28'),(137,98,'HomeAddress','9010130','埼玉県','赤巻市','開発1-2-3','レイルズハイツ301号室','','','2016-08-14 23:15:28','2016-08-14 23:15:28'),(138,99,'HomeAddress','0198971','北海道','黄巻市','開発1-2-3','レイルズハイツ301号室','','','2016-08-14 23:15:29','2016-08-14 23:15:29'),(139,100,'HomeAddress','9175542','茨城県','黄巻市','開発1-2-3','レイルズハイツ301号室','','','2016-08-14 23:15:29','2016-08-14 23:15:29'),(140,100,'WorkAddress','4246206','沖縄県','赤巻市','試験4-5-6','ルビービル2F','ABC','','2016-08-14 23:15:29','2016-08-14 23:15:29');
/*!40000 ALTER TABLE `addresses` ENABLE KEYS */;
UNLOCK TABLES;

--
-- Table structure for table `administrators`
--

DROP TABLE IF EXISTS `administrators`;
/*!40101 SET @saved_cs_client     = @@character_set_client */;
/*!40101 SET character_set_client = utf8 */;
CREATE TABLE `administrators` (
  `id` int(11) NOT NULL AUTO_INCREMENT,
  `email` varchar(255) NOT NULL,
  `email_for_index` varchar(255) NOT NULL,
  `hashed_password` varchar(255) DEFAULT NULL,
  `suspended` tinyint(1) NOT NULL DEFAULT '0',
  `created_at` datetime DEFAULT NULL,
  `updated_at` datetime DEFAULT NULL,
  PRIMARY KEY (`id`),
  UNIQUE KEY `index_administrators_on_email_for_index` (`email_for_index`) USING BTREE
) ENGINE=InnoDB AUTO_INCREMENT=2 DEFAULT CHARSET=utf8;
/*!40101 SET character_set_client = @saved_cs_client */;

--
-- Dumping data for table `administrators`
--

LOCK TABLES `administrators` WRITE;
/*!40000 ALTER TABLE `administrators` DISABLE KEYS */;
INSERT INTO `administrators` VALUES (1,'hanako@example.com','hanako@example.com','$2a$10$a5OLlWxTINKX61UZdfSZkuOreMMDQh0ebN387kqk6ihWWms4I2gX2',0,'2016-08-14 23:14:32','2016-08-14 23:47:15');
/*!40000 ALTER TABLE `administrators` ENABLE KEYS */;
UNLOCK TABLES;

--
-- Table structure for table `allowed_sources`
--

DROP TABLE IF EXISTS `allowed_sources`;
/*!40101 SET @saved_cs_client     = @@character_set_client */;
/*!40101 SET character_set_client = utf8 */;
CREATE TABLE `allowed_sources` (
  `id` int(11) NOT NULL AUTO_INCREMENT,
  `namespace` varchar(255) NOT NULL,
  `octet1` int(11) NOT NULL,
  `octet2` int(11) NOT NULL,
  `octet3` int(11) NOT NULL,
  `octet4` int(11) NOT NULL,
  `wildcard` tinyint(1) NOT NULL DEFAULT '0',
  `created_at` datetime DEFAULT NULL,
  `updated_at` datetime DEFAULT NULL,
  PRIMARY KEY (`id`),
  UNIQUE KEY `index_allowed_sources_on_namespace_and_octets` (`namespace`,`octet1`,`octet2`,`octet3`,`octet4`) USING BTREE
) ENGINE=InnoDB AUTO_INCREMENT=2 DEFAULT CHARSET=utf8;
/*!40101 SET character_set_client = @saved_cs_client */;

--
-- Dumping data for table `allowed_sources`
--

LOCK TABLES `allowed_sources` WRITE;
/*!40000 ALTER TABLE `allowed_sources` DISABLE KEYS */;
INSERT INTO `allowed_sources` VALUES (1,'staff',192,168,13,13,0,'2016-08-15 00:39:03','2016-08-15 00:39:03');
/*!40000 ALTER TABLE `allowed_sources` ENABLE KEYS */;
UNLOCK TABLES;

--
-- Table structure for table `app_settings`
--

DROP TABLE IF EXISTS `app_settings`;
/*!40101 SET @saved_cs_client     = @@character_set_client */;
/*!40101 SET character_set_client = utf8 */;
CREATE TABLE `app_settings` (
  `id` int(11) NOT NULL AUTO_INCREMENT,
  `application_name` varchar(255) DEFAULT NULL,
  `session_timeout_in_min` int(11) DEFAULT NULL,
  `created_at` datetime NOT NULL,
  `updated_at` datetime NOT NULL,
  PRIMARY KEY (`id`)
) ENGINE=InnoDB AUTO_INCREMENT=5 DEFAULT CHARSET=utf8;
/*!40101 SET character_set_client = @saved_cs_client */;

--
-- Dumping data for table `app_settings`
--

LOCK TABLES `app_settings` WRITE;
/*!40000 ALTER TABLE `app_settings` DISABLE KEYS */;
INSERT INTO `app_settings` VALUES (4,'FooBar',120,'2016-08-16 00:42:35','2016-08-16 01:27:48');
/*!40000 ALTER TABLE `app_settings` ENABLE KEYS */;
UNLOCK TABLES;

--
-- Table structure for table `customers`
--

DROP TABLE IF EXISTS `customers`;
/*!40101 SET @saved_cs_client     = @@character_set_client */;
/*!40101 SET character_set_client = utf8 */;
CREATE TABLE `customers` (
  `id` int(11) NOT NULL AUTO_INCREMENT,
  `email` varchar(255) NOT NULL,
  `email_for_index` varchar(255) NOT NULL,
  `family_name` varchar(255) NOT NULL,
  `given_name` varchar(255) NOT NULL,
  `family_name_kana` varchar(255) NOT NULL,
  `given_name_kana` varchar(255) NOT NULL,
  `gender` varchar(255) DEFAULT NULL,
  `birthday` date DEFAULT NULL,
  `hashed_password` varchar(255) DEFAULT NULL,
  `created_at` datetime DEFAULT NULL,
  `updated_at` datetime DEFAULT NULL,
  `birth_year` int(11) DEFAULT NULL,
  `birth_month` int(11) DEFAULT NULL,
  `birth_mday` int(11) DEFAULT NULL,
  PRIMARY KEY (`id`),
  UNIQUE KEY `index_customers_on_email_for_index` (`email_for_index`) USING BTREE,
  KEY `index_customers_on_birth_mday_and_furigana` (`birth_mday`,`family_name_kana`,`given_name_kana`) USING BTREE,
  KEY `index_customers_on_birth_mday_and_given_name_kana` (`birth_mday`,`given_name_kana`) USING BTREE,
  KEY `index_customers_on_birth_mday` (`birth_mday`) USING BTREE,
  KEY `index_customers_on_birth_month_and_birth_mday` (`birth_month`,`birth_mday`) USING BTREE,
  KEY `index_customers_on_birth_month_and_furigana` (`birth_month`,`family_name_kana`,`given_name_kana`) USING BTREE,
  KEY `index_customers_on_birth_month_and_given_name_kana` (`birth_month`,`given_name_kana`) USING BTREE,
  KEY `index_customers_on_birth_year_and_birth_month_and_birth_mday` (`birth_year`,`birth_month`,`birth_mday`) USING BTREE,
  KEY `index_customers_on_birth_year_and_furigana` (`birth_year`,`family_name_kana`,`given_name_kana`) USING BTREE,
  KEY `index_customers_on_birth_year_and_given_name_kana` (`birth_year`,`given_name_kana`) USING BTREE,
  KEY `index_customers_on_family_name_kana_and_given_name_kana` (`family_name_kana`,`given_name_kana`) USING BTREE,
  KEY `index_customers_on_gender_and_furigana` (`gender`,`family_name_kana`,`given_name_kana`) USING BTREE,
  KEY `index_customers_on_given_name_kana` (`given_name_kana`) USING BTREE
) ENGINE=InnoDB AUTO_INCREMENT=101 DEFAULT CHARSET=utf8;
/*!40101 SET character_set_client = @saved_cs_client */;

--
-- Dumping data for table `customers`
--

LOCK TABLES `customers` WRITE;
/*!40000 ALTER TABLE `customers` DISABLE KEYS */;
INSERT INTO `customers` VALUES (1,'sato.ichiro@example.jp','sato.ichiro@example.jp','佐藤','一郎','サトウ','イチロウ','male','1993-05-05','$2a$10$zE3IotlktZEKPLYagkgmAeFFN3lST2DWox/8qFirKpBC9STvpn/C2','2016-08-14 23:14:48','2016-08-14 23:14:48',1993,5,5),(2,'sato.jiro@example.jp','sato.jiro@example.jp','佐藤','二郎','サトウ','ジロウ','male','1976-01-04','$2a$10$aAKZQKui/wPXq0oTiiF.ROaTo5f19RajzXnw/ViDoLMmhsqDrDEKS','2016-08-14 23:14:48','2016-08-14 23:14:48',1976,1,4),(3,'sato.saburo@example.jp','sato.saburo@example.jp','佐藤','三郎','サトウ','サブロウ','male','1985-04-29','$2a$10$lsZK2hARYMBYdU36wO0TNOviYlYvHS7RYjwKvOp9Om/U3l6Y6n3XK','2016-08-14 23:14:49','2016-08-14 23:14:49',1985,4,29),(4,'sato.shiro@example.jp','sato.shiro@example.jp','佐藤','四郎','サトウ','シロウ','male','1964-11-27','$2a$10$yoXdl7qNOBG24HnBzpiR3eDn/TmnkouooT.8ZXVs.rumvUqIatvhu','2016-08-14 23:14:49','2016-08-14 23:14:49',1964,11,27),(5,'sato.goro@example.jp','sato.goro@example.jp','佐藤','五郎','サトウ','ゴロウ','male','1981-12-04','$2a$10$ihHjuBgEtJ05XGNkjDm4/ujvGNqpa9ah.Rt0vpRscWHnbSGkkO0vy','2016-08-14 23:14:50','2016-08-14 23:14:50',1981,12,4),(6,'sato.matsuko@example.jp','sato.matsuko@example.jp','佐藤','松子','サトウ','マツコ','female','1969-06-30','$2a$10$QQRXaAi1m9vwFpfOVyjdvuzT0G.cyYhnC.h22.CoVdV3ICKaFzJj6','2016-08-14 23:14:50','2016-08-14 23:14:50',1969,6,30),(7,'sato.takeko@example.jp','sato.takeko@example.jp','佐藤','竹子','サトウ','タケコ','female','1957-01-14','$2a$10$23Z7bUxEHGuUqlcspJsm.OARywB6j4wpFShiOTznkVBRYAUlXztjG','2016-08-14 23:14:50','2016-08-14 23:14:50',1957,1,14),(8,'sato.umeko@example.jp','sato.umeko@example.jp','佐藤','梅子','サトウ','ウメコ','female','1969-02-16','$2a$10$3ebvFDMsVEuUNrkkKCGeiuJL41mj4FH74kWGmS.2vkBiAlPNKq8vm','2016-08-14 23:14:51','2016-08-14 23:14:51',1969,2,16),(9,'sato.tsuruko@example.jp','sato.tsuruko@example.jp','佐藤','鶴子','サトウ','ツルコ','female','1992-08-10','$2a$10$v8IDniIeV4K2e58z6dLm/.UC0LMxbw7edF0eSge4zL31Aw70dF.rK','2016-08-14 23:14:51','2016-08-14 23:14:51',1992,8,10),(10,'sato.kameko@example.jp','sato.kameko@example.jp','佐藤','亀子','サトウ','カメコ','female','1985-04-09','$2a$10$yFfuvwW5KVuvI0l3fDXtrev1CczL0BrW76i9B77lM7FKm4TmvbnJu','2016-08-14 23:14:52','2016-08-14 23:14:52',1985,4,9),(11,'suzuki.ichiro@example.jp','suzuki.ichiro@example.jp','鈴木','一郎','スズキ','イチロウ','male','1963-02-06','$2a$10$a7pQ49D1LLjRSute0fJkVOZwXWQYOrwZFoLRblNF6GUV39Da53pAG','2016-08-14 23:14:52','2016-08-14 23:14:52',1963,2,6),(12,'suzuki.jiro@example.jp','suzuki.jiro@example.jp','鈴木','二郎','スズキ','ジロウ','male','1983-03-28','$2a$10$7t791nMmvhrOknAloJJBmetlnTzi1KdkfOLO.BjUr9LQxiyfY0ZDq','2016-08-14 23:14:53','2016-08-14 23:14:53',1983,3,28),(13,'suzuki.saburo@example.jp','suzuki.saburo@example.jp','鈴木','三郎','スズキ','サブロウ','male','1957-12-31','$2a$10$EP.7cv57N/BDgeruzUIR0uTycg9QpSOhXuk0mXgo9F4zRNVDjpSwm','2016-08-14 23:14:53','2016-08-14 23:14:53',1957,12,31),(14,'suzuki.shiro@example.jp','suzuki.shiro@example.jp','鈴木','四郎','スズキ','シロウ','male','1988-05-28','$2a$10$b34s7kz14MtYMEVTrlqFnOGmx.btrZzs3A4YtRjpxXlMRpBh.gt2q','2016-08-14 23:14:53','2016-08-14 23:14:53',1988,5,28),(15,'suzuki.goro@example.jp','suzuki.goro@example.jp','鈴木','五郎','スズキ','ゴロウ','male','1972-09-09','$2a$10$G9Oz6vkXeplzMJcBk.0MWep0nbQ1xMwdyE0Hs8uVhZpXOKaxaOSbu','2016-08-14 23:14:54','2016-08-14 23:14:54',1972,9,9),(16,'suzuki.matsuko@example.jp','suzuki.matsuko@example.jp','鈴木','松子','スズキ','マツコ','female','1987-11-18','$2a$10$P8gOKCxZ8RV/ca/Wo5ReCukQC6PzwoA5JehwyEWG.vnnC5LYs9JFa','2016-08-14 23:14:54','2016-08-14 23:14:54',1987,11,18),(17,'suzuki.takeko@example.jp','suzuki.takeko@example.jp','鈴木','竹子','スズキ','タケコ','female','1985-09-27','$2a$10$qouioxq3YT.iwsGr/HuVRuWSEITay/.jj0eRrl1pKA.2yoZXdYjAy','2016-08-14 23:14:55','2016-08-14 23:14:55',1985,9,27),(18,'suzuki.umeko@example.jp','suzuki.umeko@example.jp','鈴木','梅子','スズキ','ウメコ','female','1980-09-02','$2a$10$08svFSBIj0ufheEnDGuvoef10K4j34lUFzbIT94pgg5U6ZtOgg3He','2016-08-14 23:14:55','2016-08-14 23:14:55',1980,9,2),(19,'suzuki.tsuruko@example.jp','suzuki.tsuruko@example.jp','鈴木','鶴子','スズキ','ツルコ','female','1988-05-17','$2a$10$u7daYqDp6FPz7U69VKGhzehy7/pvrnkqFKvAOSfjtZSootk7Hc0bq','2016-08-14 23:14:55','2016-08-14 23:14:55',1988,5,17),(20,'suzuki.kameko@example.jp','suzuki.kameko@example.jp','鈴木','亀子','スズキ','カメコ','female','1957-08-14','$2a$10$5.kVjNKwhnlRIS3X2Nmyd./qGC2z7Dy.Ogb3yJwSaT2pPMejb6E1q','2016-08-14 23:14:56','2016-08-14 23:14:56',1957,8,14),(21,'takahashi.ichiro@example.jp','takahashi.ichiro@example.jp','高橋','一郎','タカハシ','イチロウ','male','1975-01-13','$2a$10$zWpZHvHvOTx3M4.nG5zzxexKkmMn5mUOS9/5gkmYLbKvXN/Zm3JlW','2016-08-14 23:14:56','2016-08-14 23:14:56',1975,1,13),(22,'takahashi.jiro@example.jp','takahashi.jiro@example.jp','高橋','二郎','タカハシ','ジロウ','male','1969-10-19','$2a$10$/iq1QK2MiXF0oi31hrDzyOpPipi629GqY6yr1/3Oq/ljmtTUmtPCK','2016-08-14 23:14:57','2016-08-14 23:14:57',1969,10,19),(23,'takahashi.saburo@example.jp','takahashi.saburo@example.jp','高橋','三郎','タカハシ','サブロウ','male','1958-03-30','$2a$10$KM/oYRMntxaHi3B55U2kwu1d4ae3PH8BVtUi9jAUJ8NU1Ik1YFJiC','2016-08-14 23:14:57','2016-08-14 23:14:57',1958,3,30),(24,'takahashi.shiro@example.jp','takahashi.shiro@example.jp','高橋','四郎','タカハシ','シロウ','male','1968-11-09','$2a$10$ROCDWW42CzjQFsqwV/qTTeZ8LwPhz5CqYY8u5ouyiQLP1F0TeDrx2','2016-08-14 23:14:58','2016-08-14 23:14:58',1968,11,9),(25,'takahashi.goro@example.jp','takahashi.goro@example.jp','高橋','五郎','タカハシ','ゴロウ','male','1967-02-10','$2a$10$XOR2Gv5tccSoRnGw8Sb.B./.lGv4M7x6muD8bPqgIJwhY/qTYtEku','2016-08-14 23:14:58','2016-08-14 23:14:58',1967,2,10),(26,'takahashi.matsuko@example.jp','takahashi.matsuko@example.jp','高橋','松子','タカハシ','マツコ','female','1984-06-06','$2a$10$4t6x7mBPJ8fV./zGNrqhPuXNoD/u1iq5uzidpJE1i4Njvp41rhtTy','2016-08-14 23:14:59','2016-08-14 23:14:59',1984,6,6),(27,'takahashi.takeko@example.jp','takahashi.takeko@example.jp','高橋','竹子','タカハシ','タケコ','female','1982-08-06','$2a$10$AIWaYMV1bUAmVp9IPgmKT.UcvG7pWXtbBhu30fcET4Yau2pGY73jm','2016-08-14 23:14:59','2016-08-14 23:14:59',1982,8,6),(28,'takahashi.umeko@example.jp','takahashi.umeko@example.jp','高橋','梅子','タカハシ','ウメコ','female','1962-11-25','$2a$10$NJ8TB5x6.ZsDG.bAWvF6B.799Z/7xYufOWd92vcMF5ZIcB9BmegLu','2016-08-14 23:14:59','2016-08-14 23:14:59',1962,11,25),(29,'takahashi.tsuruko@example.jp','takahashi.tsuruko@example.jp','高橋','鶴子','タカハシ','ツルコ','female','1965-01-11','$2a$10$aW6s5dcQ2uI5zqMrgKkR4OjOhLHNdahT7DTb/REguN6sYW368txYm','2016-08-14 23:15:00','2016-08-14 23:15:00',1965,1,11),(30,'takahashi.kameko@example.jp','takahashi.kameko@example.jp','高橋','亀子','タカハシ','カメコ','female','1963-06-14','$2a$10$EKO.YBwheoz.nkk37WwuC.xPNj9KpEXv.hX4vuBG0nPOzXu2fGoj6','2016-08-14 23:15:00','2016-08-14 23:15:00',1963,6,14),(31,'tanaka.ichiro@example.jp','tanaka.ichiro@example.jp','田中','一郎','タナカ','イチロウ','male','1993-06-04','$2a$10$HHWoxvnK4D4MJ6Qt3icJvOmAucjmL.EW2XS3tc2YO5Va2QtdzR44m','2016-08-14 23:15:01','2016-08-14 23:15:01',1993,6,4),(32,'tanaka.jiro@example.jp','tanaka.jiro@example.jp','田中','二郎','タナカ','ジロウ','male','1980-08-01','$2a$10$3UHh5RMFigUS7601GYGW8uFk0ZsjLigmO7MxHZPrDAneWlOiY1JLa','2016-08-14 23:15:02','2016-08-14 23:15:02',1980,8,1),(33,'tanaka.saburo@example.jp','tanaka.saburo@example.jp','田中','三郎','タナカ','サブロウ','male','1968-12-11','$2a$10$q7xheQNs1wKAwle7wCtwSu/Smn8302ItgIPxLU7o7hoSCJQtw3Jwe','2016-08-14 23:15:02','2016-08-14 23:15:02',1968,12,11),(34,'tanaka.shiro@example.jp','tanaka.shiro@example.jp','田中','四郎','タナカ','シロウ','male','1985-02-01','$2a$10$km3Jci38AlsoVQdnpYTmw.WQf9FjNjLRLfV7nkbY.nL3rKAxSb5Vq','2016-08-14 23:15:02','2016-08-14 23:15:02',1985,2,1),(35,'tanaka.goro@example.jp','tanaka.goro@example.jp','田中','五郎','タナカ','ゴロウ','male','1979-12-30','$2a$10$ev/Uj560bMsTfX9UxmykG.YgZ5oEmBY1COyL8/RLmxyEAR9LR2xV6','2016-08-14 23:15:03','2016-08-14 23:15:03',1979,12,30),(36,'tanaka.matsuko@example.jp','tanaka.matsuko@example.jp','田中','松子','タナカ','マツコ','female','1974-06-09','$2a$10$BDLy5AzkrLOePv37Gb2t8ONVgGC7UswXh/ZRVffiT2Pnj5wYfr4nC','2016-08-14 23:15:03','2016-08-14 23:15:03',1974,6,9),(37,'tanaka.takeko@example.jp','tanaka.takeko@example.jp','田中','竹子','タナカ','タケコ','female','1996-08-07','$2a$10$taoP8ghh8LluW1JQAwMVzOuMRr0thp0Ih4ck82uw3pm4QDnN8TVfi','2016-08-14 23:15:03','2016-08-14 23:15:03',1996,8,7),(38,'tanaka.umeko@example.jp','tanaka.umeko@example.jp','田中','梅子','タナカ','ウメコ','female','1987-10-05','$2a$10$bFRwDhIfw1Dd.Mb7D5K02umURMY.7MQ7fk25wxf9JhB3fBdUEZmri','2016-08-14 23:15:04','2016-08-14 23:15:04',1987,10,5),(39,'tanaka.tsuruko@example.jp','tanaka.tsuruko@example.jp','田中','鶴子','タナカ','ツルコ','female','1966-06-25','$2a$10$do6X.AxJl9vMv.DIsan9bOo1ZqtYraxi4iBY1qUVcQ.Q4y3FvxRJe','2016-08-14 23:15:04','2016-08-14 23:15:04',1966,6,25),(40,'tanaka.kameko@example.jp','tanaka.kameko@example.jp','田中','亀子','タナカ','カメコ','female','1986-11-28','$2a$10$SLXADLjtM24qnx5.o1PsQeoepQTTysxURfF6SBe1dTVm0TVD/dv2W','2016-08-14 23:15:04','2016-08-14 23:15:04',1986,11,28),(41,'watanabe.ichiro@example.jp','watanabe.ichiro@example.jp','渡辺','一郎','ワタナベ','イチロウ','male','1993-11-09','$2a$10$fh5hkfICgstCf2JosIpPJuNZ0n4xMJL12EdvzbVANjq0qglbuN2aW','2016-08-14 23:15:05','2016-08-14 23:15:05',1993,11,9),(42,'watanabe.jiro@example.jp','watanabe.jiro@example.jp','渡辺','二郎','ワタナベ','ジロウ','male','1962-09-30','$2a$10$P834MZVRpLh4udPBvC6Ud.nlxY6UCJcaL2SXqiRsFKa2DZ2mIDo3S','2016-08-14 23:15:05','2016-08-14 23:15:05',1962,9,30),(43,'watanabe.saburo@example.jp','watanabe.saburo@example.jp','渡辺','三郎','ワタナベ','サブロウ','male','1992-03-11','$2a$10$yPdztsahuH8BZMg/189pqOijlOflxdN4d/SWSm4Y4swCL24l8MnUK','2016-08-14 23:15:06','2016-08-14 23:15:06',1992,3,11),(44,'watanabe.shiro@example.jp','watanabe.shiro@example.jp','渡辺','四郎','ワタナベ','シロウ','male','1981-02-14','$2a$10$TD09wgZtG.9P.xwPMaPo1uyMr/MjjQgiV0qisuP8vK66N9zT.KeJe','2016-08-14 23:15:06','2016-08-14 23:15:06',1981,2,14),(45,'watanabe.goro@example.jp','watanabe.goro@example.jp','渡辺','五郎','ワタナベ','ゴロウ','male','1968-07-24','$2a$10$Mq.pxsalwecbqX6yspPR7.ue5jw/5.O4WUimpdKy7ruUAByg7qk06','2016-08-14 23:15:06','2016-08-14 23:15:06',1968,7,24),(46,'watanabe.matsuko@example.jp','watanabe.matsuko@example.jp','渡辺','松子','ワタナベ','マツコ','female','1990-11-30','$2a$10$HboM8eWKzDOy5a5EPN418.ZLoodm1gEuiAC7IBGueguF7qnhnspny','2016-08-14 23:15:07','2016-08-14 23:15:07',1990,11,30),(47,'watanabe.takeko@example.jp','watanabe.takeko@example.jp','渡辺','竹子','ワタナベ','タケコ','female','1965-04-29','$2a$10$G3IU315K8HyILGmxbwlVAegUc5AlBihcbc7HU9bfT84oRjj2KUfFS','2016-08-14 23:15:07','2016-08-14 23:15:07',1965,4,29),(48,'watanabe.umeko@example.jp','watanabe.umeko@example.jp','渡辺','梅子','ワタナベ','ウメコ','female','1983-07-03','$2a$10$5duyX8KbZfjC6pHuBm9gyu/zlFinPSaTMjzMYKRmYJlLKWbhJXkiC','2016-08-14 23:15:08','2016-08-14 23:15:08',1983,7,3),(49,'watanabe.tsuruko@example.jp','watanabe.tsuruko@example.jp','渡辺','鶴子','ワタナベ','ツルコ','female','1971-04-11','$2a$10$UBZOVPXruk7AYzzfph6ZlOzmS/dPwf8oJTnrN700ltPE7PHQBp.za','2016-08-14 23:15:08','2016-08-14 23:15:08',1971,4,11),(50,'watanabe.kameko@example.jp','watanabe.kameko@example.jp','渡辺','亀子','ワタナベ','カメコ','female','1966-10-04','$2a$10$7kibPdPEwaSuy6H7ky4RTuXTAoQ2AbhWfEzAIkVJmH7nvepiAXCzG','2016-08-14 23:15:08','2016-08-14 23:15:08',1966,10,4),(51,'ito.ichiro@example.jp','ito.ichiro@example.jp','伊藤','一郎','イトウ','イチロウ','male','1977-01-29','$2a$10$PxOG7g2cR3aVH.tAjkljbez/CnWmzK34UPjbMfK1gfoHnP126bmVG','2016-08-14 23:15:09','2016-08-14 23:15:09',1977,1,29),(52,'ito.jiro@example.jp','ito.jiro@example.jp','伊藤','二郎','イトウ','ジロウ','male','1974-09-09','$2a$10$3TyiW/faGYqLZsIuF6XWAeEuK5h8wBHTiKxE/GfSpZgtcHenvn9ri','2016-08-14 23:15:09','2016-08-14 23:15:09',1974,9,9),(53,'ito.saburo@example.jp','ito.saburo@example.jp','伊藤','三郎','イトウ','サブロウ','male','1971-11-25','$2a$10$KLek1VSQLCALylLvLqP4suMMFfFn9ExOMwQzJ1/imwj48w4DGiWfy','2016-08-14 23:15:10','2016-08-14 23:15:10',1971,11,25),(54,'ito.shiro@example.jp','ito.shiro@example.jp','伊藤','四郎','イトウ','シロウ','male','1970-10-27','$2a$10$Cbhz0L1mvtLu/Ns2MjwO8.6T54JcjHi.//6jX.W3EEoD/UwyVGxeG','2016-08-14 23:15:10','2016-08-14 23:15:10',1970,10,27),(55,'ito.goro@example.jp','ito.goro@example.jp','伊藤','五郎','イトウ','ゴロウ','male','1958-08-28','$2a$10$vMafR79WUcvFrieOihZCTecZcvgnAwIwZ4.QkrCv4pQeZ/ASWO4Fu','2016-08-14 23:15:10','2016-08-14 23:15:10',1958,8,28),(56,'ito.matsuko@example.jp','ito.matsuko@example.jp','伊藤','松子','イトウ','マツコ','female','1987-04-18','$2a$10$OcpNt5vz1yUkWZgjpGW.Hu6IJgI9miy5eRJ65fQGPJY.k1Hb6a3BO','2016-08-14 23:15:11','2016-08-14 23:15:11',1987,4,18),(57,'ito.takeko@example.jp','ito.takeko@example.jp','伊藤','竹子','イトウ','タケコ','female','1967-02-21','$2a$10$Q1B1TWwDPYPU/bD73LlXA.j5w6wwtkySz.ImeS2KJ85rXnu7GF4Ia','2016-08-14 23:15:11','2016-08-14 23:15:11',1967,2,21),(58,'ito.umeko@example.jp','ito.umeko@example.jp','伊藤','梅子','イトウ','ウメコ','female','1975-04-28','$2a$10$ADSow12hQUWMjRnIlxssne3Wohce1yJI4ADz.0xxrwPplzV24BjHS','2016-08-14 23:15:12','2016-08-14 23:15:12',1975,4,28),(59,'ito.tsuruko@example.jp','ito.tsuruko@example.jp','伊藤','鶴子','イトウ','ツルコ','female','1960-04-22','$2a$10$0LQFWXiZYOQuX6hAma0e0ujI/se6jenYzH2Xs9fJu2N3VYdxxPd8K','2016-08-14 23:15:12','2016-08-14 23:15:12',1960,4,22),(60,'ito.kameko@example.jp','ito.kameko@example.jp','伊藤','亀子','イトウ','カメコ','female','1970-08-11','$2a$10$KFw.t0LkrmsAuyUE4YmBS.L3gD7p4FnJdtU3wgYnScEcnMgoW18gW','2016-08-14 23:15:13','2016-08-14 23:15:13',1970,8,11),(61,'yamamoto.ichiro@example.jp','yamamoto.ichiro@example.jp','山本','一郎','ヤマモト','イチロウ','male','1995-03-28','$2a$10$NAutGLciKEZn8ULZM2ZL1.kRf6pTphV.jnRKoOMsYAzmJj85iKF9i','2016-08-14 23:15:13','2016-08-14 23:15:13',1995,3,28),(62,'yamamoto.jiro@example.jp','yamamoto.jiro@example.jp','山本','二郎','ヤマモト','ジロウ','male','1963-02-16','$2a$10$HgUUlnbPJXJnMyjbOhNkauTRPdOURXrfAKcSSG3Srwo9NsJSxKxKq','2016-08-14 23:15:14','2016-08-14 23:15:14',1963,2,16),(63,'yamamoto.saburo@example.jp','yamamoto.saburo@example.jp','山本','三郎','ヤマモト','サブロウ','male','1972-09-11','$2a$10$yS00dt6lCV3Ha3aJ7EXIx.mtGX5wxwyuGgkZ0mqQGG0Be9o4Unidu','2016-08-14 23:15:14','2016-08-14 23:15:14',1972,9,11),(64,'yamamoto.shiro@example.jp','yamamoto.shiro@example.jp','山本','四郎','ヤマモト','シロウ','male','1989-08-03','$2a$10$wRjl8AtvKAMhquLkz3ZQX.JIy4PUF.VXrZg8J7d7IYXWOwMW5RVoK','2016-08-14 23:15:14','2016-08-14 23:15:14',1989,8,3),(65,'yamamoto.goro@example.jp','yamamoto.goro@example.jp','山本','五郎','ヤマモト','ゴロウ','male','1993-07-01','$2a$10$Uj1TVLkl4TnTZ0m211Y0Y.TVgAH6boiJfCrCRAqnXby5ye8HecFoy','2016-08-14 23:15:15','2016-08-14 23:15:15',1993,7,1),(66,'yamamoto.matsuko@example.jp','yamamoto.matsuko@example.jp','山本','松子','ヤマモト','マツコ','female','1991-11-22','$2a$10$42kxrU5OTezAXr/3eICj/.27xV8y/UfOCv3XWYVbTcnCONEIBc9Ae','2016-08-14 23:15:15','2016-08-14 23:15:15',1991,11,22),(67,'yamamoto.takeko@example.jp','yamamoto.takeko@example.jp','山本','竹子','ヤマモト','タケコ','female','1986-05-10','$2a$10$ynb6nRaE2JMBnTwmZbOWOeccsGLvz6.wcWmWKpgcHGTSTnHsczZw6','2016-08-14 23:15:16','2016-08-14 23:15:16',1986,5,10),(68,'yamamoto.umeko@example.jp','yamamoto.umeko@example.jp','山本','梅子','ヤマモト','ウメコ','female','1970-10-18','$2a$10$zQSrcfcRGwlToPBY/q.5aOiOqx0o35XeLI/iMer/vFVlPLbiSUDk6','2016-08-14 23:15:16','2016-08-14 23:15:16',1970,10,18),(69,'yamamoto.tsuruko@example.jp','yamamoto.tsuruko@example.jp','山本','鶴子','ヤマモト','ツルコ','female','1980-08-14','$2a$10$LfHIvrgMtVrzuc3TTd3ArOuiHqgqqlfKm6cJIs90wMQla0DHpelyW','2016-08-14 23:15:16','2016-08-14 23:15:16',1980,8,14),(70,'yamamoto.kameko@example.jp','yamamoto.kameko@example.jp','山本','亀子','ヤマモト','カメコ','female','1961-05-13','$2a$10$ubCnd6vA8RAoJUQTrPK.auISGVoQnXvcuI5CIwER8GyP5VVKVUuJm','2016-08-14 23:15:17','2016-08-14 23:15:17',1961,5,13),(71,'nakamura.ichiro@example.jp','nakamura.ichiro@example.jp','中村','一郎','ナカムラ','イチロウ','male','1984-04-08','$2a$10$g5B7kyqT6FXA75FGHasRleq02V6wYr5Xh/iX7gJ.dsrvA7gB56hsm','2016-08-14 23:15:17','2016-08-14 23:15:17',1984,4,8),(72,'nakamura.jiro@example.jp','nakamura.jiro@example.jp','中村','二郎','ナカムラ','ジロウ','male','1992-07-28','$2a$10$beHQGJ4k6WWMHVM89I1HQ.3kZjLxN23unjajDUk.dVieJsGsm/WK.','2016-08-14 23:15:18','2016-08-14 23:15:18',1992,7,28),(73,'nakamura.saburo@example.jp','nakamura.saburo@example.jp','中村','三郎','ナカムラ','サブロウ','male','1963-09-30','$2a$10$dslILyWk2blFyeGmFbO6MOp144TBG7H2LjaLB1iboomKPPuBuNZzC','2016-08-14 23:15:18','2016-08-14 23:15:18',1963,9,30),(74,'nakamura.shiro@example.jp','nakamura.shiro@example.jp','中村','四郎','ナカムラ','シロウ','male','1967-02-17','$2a$10$181i/1aiG/siUIozHbo.X.P7qP9JTyeBdIuqyXGuQfPZ13xu5fERi','2016-08-14 23:15:18','2016-08-14 23:15:18',1967,2,17),(75,'nakamura.goro@example.jp','nakamura.goro@example.jp','中村','五郎','ナカムラ','ゴロウ','male','1975-09-16','$2a$10$z6x6ATGr.vEagKSCkcwdc.R/7jUr9M6kD3Byw22wSqhxrVHE1gt..','2016-08-14 23:15:19','2016-08-14 23:15:19',1975,9,16),(76,'nakamura.matsuko@example.jp','nakamura.matsuko@example.jp','中村','松子','ナカムラ','マツコ','female','1968-07-12','$2a$10$2UA.HJEGHZmM9dm10rgfmuvJ13c9k7EAbcp3DK9HNK19ffoYN0XYa','2016-08-14 23:15:19','2016-08-14 23:15:19',1968,7,12),(77,'nakamura.takeko@example.jp','nakamura.takeko@example.jp','中村','竹子','ナカムラ','タケコ','female','1986-09-08','$2a$10$4E3ezDt1O0rkneNoWXhKW.yRvty60kzP9gcn4rHjCaL5RLcLlIOMy','2016-08-14 23:15:20','2016-08-14 23:15:20',1986,9,8),(78,'nakamura.umeko@example.jp','nakamura.umeko@example.jp','中村','梅子','ナカムラ','ウメコ','female','1982-06-21','$2a$10$l89dlgTNxdZn7Ke2q6QF1eGQN2OaLBcxn2flttxbiU5lcQzO6cYTm','2016-08-14 23:15:20','2016-08-14 23:15:20',1982,6,21),(79,'nakamura.tsuruko@example.jp','nakamura.tsuruko@example.jp','中村','鶴子','ナカムラ','ツルコ','female','1968-04-05','$2a$10$WL6LEdmnm9nSN3y3o/ZXeOH1tWxHSWnu3iT82K6mBaXG3LXenGmyW','2016-08-14 23:15:20','2016-08-14 23:15:20',1968,4,5),(80,'nakamura.kameko@example.jp','nakamura.kameko@example.jp','中村','亀子','ナカムラ','カメコ','female','1962-08-14','$2a$10$UmaLh6bVXhQ854WH.5b77eW5My/DgZiDuD2NOFm9zh47b2GOe.3WS','2016-08-14 23:15:21','2016-08-14 23:15:21',1962,8,14),(81,'kobayashi.ichiro@example.jp','kobayashi.ichiro@example.jp','小林','一郎','コバヤシ','イチロウ','male','1968-01-18','$2a$10$/PJM.lM0j4Xi24vCxr.b.ernQ.SiDk4R/4oyHVWXG3cFQsHFneTti','2016-08-14 23:15:21','2016-08-14 23:15:21',1968,1,18),(82,'kobayashi.jiro@example.jp','kobayashi.jiro@example.jp','小林','二郎','コバヤシ','ジロウ','male','1989-09-12','$2a$10$hfuIUzM9cQ7M1KAd/plC0u909dPkSrQQ9IggXl6HCFVp91yEoKRW6','2016-08-14 23:15:22','2016-08-14 23:15:22',1989,9,12),(83,'kobayashi.saburo@example.jp','kobayashi.saburo@example.jp','小林','三郎','コバヤシ','サブロウ','male','1983-11-10','$2a$10$OfMVqH.WiwIvDNFH/5gB8eVomzEcQK8RojrUADBrKFhRlwt8ZvsgC','2016-08-14 23:15:22','2016-08-14 23:15:22',1983,11,10),(84,'kobayashi.shiro@example.jp','kobayashi.shiro@example.jp','小林','四郎','コバヤシ','シロウ','male','1977-10-22','$2a$10$WDmt//bXtlNJQ.KlFe2UPeXFirLLHMkPn7hdeXF7KhRXjzYD72tGy','2016-08-14 23:15:23','2016-08-14 23:15:23',1977,10,22),(85,'kobayashi.goro@example.jp','kobayashi.goro@example.jp','小林','五郎','コバヤシ','ゴロウ','male','1970-01-14','$2a$10$2NG8PkuvDUSv6kJTCF7oMO9CHAPLrveeeP6CPIzV2B6Ae1hgcB.yC','2016-08-14 23:15:23','2016-08-14 23:15:23',1970,1,14),(86,'kobayashi.matsuko@example.jp','kobayashi.matsuko@example.jp','小林','松子','コバヤシ','マツコ','female','1987-05-02','$2a$10$pvzZUqSQ9UL93jFmDMpXFe7tGVh3Y6Vq.o00SJOMBUoy9Fba.6Mj2','2016-08-14 23:15:24','2016-08-14 23:15:24',1987,5,2),(87,'kobayashi.takeko@example.jp','kobayashi.takeko@example.jp','小林','竹子','コバヤシ','タケコ','female','1958-01-18','$2a$10$FAesKeSzjFtZ.IjS4hR6kuvgP5qW9zg3Vkg4ozvpsjHEs.qRZM9eW','2016-08-14 23:15:24','2016-08-14 23:15:24',1958,1,18),(88,'kobayashi.umeko@example.jp','kobayashi.umeko@example.jp','小林','梅子','コバヤシ','ウメコ','female','1979-01-26','$2a$10$xuUrXFSpk1wj8TjJTE7Ar.HE/972ZZcdQOy3pLFqEppL9hAnl..CO','2016-08-14 23:15:24','2016-08-14 23:15:24',1979,1,26),(89,'kobayashi.tsuruko@example.jp','kobayashi.tsuruko@example.jp','小林','鶴子','コバヤシ','ツルコ','female','1968-02-04','$2a$10$/Xg/wyFpqi4N09JhHBlp4uDdRq4kDLpu9kCbzvZ6zsxLqo9SpUqTm','2016-08-14 23:15:25','2016-08-14 23:15:25',1968,2,4),(90,'kobayashi.kameko@example.jp','kobayashi.kameko@example.jp','小林','亀子','コバヤシ','カメコ','female','1979-09-27','$2a$10$PdEk.rHg3R4SvKxH0POM4.j6mzD9.c68D9uLyR/RKClxNcSQeK4W2','2016-08-14 23:15:25','2016-08-14 23:15:25',1979,9,27),(91,'kato.ichiro@example.jp','kato.ichiro@example.jp','加藤','一郎','カトウ','イチロウ','male','1965-08-05','$2a$10$svlLuJtwgAHQaxcUni1CluRKd37gZCgp1DM2vQq6XbwNaiLSapLMS','2016-08-14 23:15:26','2016-08-14 23:15:26',1965,8,5),(92,'kato.jiro@example.jp','kato.jiro@example.jp','加藤','二郎','カトウ','ジロウ','male','1971-05-10','$2a$10$RHhPDjE5AP.iPb/EJaHzeOBPYn1bT7AcZdmFBOn2kOZHe2QOcb.Ii','2016-08-14 23:15:26','2016-08-14 23:15:26',1971,5,10),(93,'kato.saburo@example.jp','kato.saburo@example.jp','加藤','三郎','カトウ','サブロウ','male','1989-02-03','$2a$10$afbtE4lK9j0yxe9oMiWdX.bz1vp7KKKETFpm2lpOZfH.je9KXiL7y','2016-08-14 23:15:26','2016-08-14 23:15:26',1989,2,3),(94,'kato.shiro@example.jp','kato.shiro@example.jp','加藤','四郎','カトウ','シロウ','male','1971-11-07','$2a$10$r7ke3F7qY8ou0B9T5MlZQee6wGh1DBldzgqtUuVBYk2TdumB2Fw.G','2016-08-14 23:15:27','2016-08-14 23:15:27',1971,11,7),(95,'kato.goro@example.jp','kato.goro@example.jp','加藤','五郎','カトウ','ゴロウ','male','1971-12-17','$2a$10$b9bIv6ksH2TqRvDFbqwsFO2VMpW6vQFt5HOKcDE.JEKuaIbVgG.KG','2016-08-14 23:15:27','2016-08-14 23:15:27',1971,12,17),(96,'kato.matsuko@example.jp','kato.matsuko@example.jp','加藤','松子','カトウ','マツコ','female','1957-12-25','$2a$10$fv3HZpslORz2kdgzQAwBi.xDslZ9aBKYFMqTT/rIruGqAt09eG3ym','2016-08-14 23:15:28','2016-08-14 23:15:28',1957,12,25),(97,'kato.takeko@example.jp','kato.takeko@example.jp','加藤','竹子','カトウ','タケコ','female','1996-07-02','$2a$10$xBapbOq7IXC9fJIgmWrNe..VUrKYNJjHMoZg/86AHD4q.oGGYzOFG','2016-08-14 23:15:28','2016-08-14 23:15:28',1996,7,2),(98,'kato.umeko@example.jp','kato.umeko@example.jp','加藤','梅子','カトウ','ウメコ','female','1977-12-23','$2a$10$MHyA4jq28tgNFUjIGQoOluhb26v24g3K0yLGKdngIgdjoj3jtQ4/2','2016-08-14 23:15:28','2016-08-14 23:15:28',1977,12,23),(99,'kato.tsuruko@example.jp','kato.tsuruko@example.jp','加藤','鶴子','カトウ','ツルコ','female','1962-05-11','$2a$10$zQRV/GerBMZjp6yuytVqOOg7RScqMY.FdnwJ5NJpEvIqPyHwV1S1u','2016-08-14 23:15:29','2016-08-14 23:15:29',1962,5,11),(100,'kato.kameko@example.jp','kato.kameko@example.jp','加藤','亀子','カトウ','カメコ','female','1993-03-06','$2a$10$RrAwre/7WA869eSh1KStIOY0mAMUrdKTGEqNckbbecMjM3gLI820K','2016-08-14 23:15:29','2016-08-14 23:15:29',1993,3,6);
/*!40000 ALTER TABLE `customers` ENABLE KEYS */;
UNLOCK TABLES;

--
-- Table structure for table `emails`
--

DROP TABLE IF EXISTS `emails`;
/*!40101 SET @saved_cs_client     = @@character_set_client */;
/*!40101 SET character_set_client = utf8 */;
CREATE TABLE `emails` (
  `id` int(11) NOT NULL AUTO_INCREMENT,
  `customer_id` int(11) NOT NULL,
  `email` varchar(255) NOT NULL,
  `email_for_index` varchar(255) NOT NULL,
  `created_at` datetime NOT NULL,
  `updated_at` datetime NOT NULL,
  PRIMARY KEY (`id`)
) ENGINE=InnoDB AUTO_INCREMENT=258 DEFAULT CHARSET=utf8;
/*!40101 SET character_set_client = @saved_cs_client */;

--
-- Dumping data for table `emails`
--

LOCK TABLES `emails` WRITE;
/*!40000 ALTER TABLE `emails` DISABLE KEYS */;
INSERT INTO `emails` VALUES (131,1,'sato.ichiro@example.jp','sato.ichiro@example.jp','2016-09-05 10:20:39','2016-09-05 10:20:39'),(132,2,'sato.jiro@example.jp','sato.jiro@example.jp','2016-09-05 10:20:39','2016-09-05 10:20:39'),(133,3,'sato.saburo@example.jp','sato.saburo@example.jp','2016-09-05 10:20:39','2016-09-05 10:20:39'),(134,4,'sato.shiro@example.jp','sato.shiro@example.jp','2016-09-05 10:20:39','2016-09-05 10:20:39'),(135,5,'sato.goro@example.jp','sato.goro@example.jp','2016-09-05 10:20:39','2016-09-05 10:20:39'),(136,6,'sato.matsuko@example.jp','sato.matsuko@example.jp','2016-09-05 10:20:39','2016-09-05 10:20:39'),(137,7,'sato.takeko@example.jp','sato.takeko@example.jp','2016-09-05 10:20:39','2016-09-05 10:20:39'),(138,8,'sato.umeko@example.jp','sato.umeko@example.jp','2016-09-05 10:20:39','2016-09-05 10:20:39'),(139,9,'sato.tsuruko@example.jp','sato.tsuruko@example.jp','2016-09-05 10:20:39','2016-09-05 10:20:39'),(140,10,'sato.kameko@example.jp','sato.kameko@example.jp','2016-09-05 10:20:39','2016-09-05 10:20:39'),(141,11,'suzuki.ichiro@example.jp','suzuki.ichiro@example.jp','2016-09-05 10:20:39','2016-09-05 10:20:39'),(142,12,'suzuki.jiro@example.jp','suzuki.jiro@example.jp','2016-09-05 10:20:39','2016-09-05 10:20:39'),(143,13,'suzuki.saburo@example.jp','suzuki.saburo@example.jp','2016-09-05 10:20:39','2016-09-05 10:20:39'),(144,14,'suzuki.shiro@example.jp','suzuki.shiro@example.jp','2016-09-05 10:20:39','2016-09-05 10:20:39'),(145,15,'suzuki.goro@example.jp','suzuki.goro@example.jp','2016-09-05 10:20:39','2016-09-05 10:20:39'),(146,16,'suzuki.matsuko@example.jp','suzuki.matsuko@example.jp','2016-09-05 10:20:39','2016-09-05 10:20:39'),(147,17,'suzuki.takeko@example.jp','suzuki.takeko@example.jp','2016-09-05 10:20:39','2016-09-05 10:20:39'),(148,18,'suzuki.umeko@example.jp','suzuki.umeko@example.jp','2016-09-05 10:20:39','2016-09-05 10:20:39'),(149,19,'suzuki.tsuruko@example.jp','suzuki.tsuruko@example.jp','2016-09-05 10:20:39','2016-09-05 10:20:39'),(150,20,'suzuki.kameko@example.jp','suzuki.kameko@example.jp','2016-09-05 10:20:39','2016-09-05 10:20:39'),(151,21,'takahashi.ichiro@example.jp','takahashi.ichiro@example.jp','2016-09-05 10:20:39','2016-09-05 10:20:39'),(152,22,'takahashi.jiro@example.jp','takahashi.jiro@example.jp','2016-09-05 10:20:39','2016-09-05 10:20:39'),(153,23,'takahashi.saburo@example.jp','takahashi.saburo@example.jp','2016-09-05 10:20:39','2016-09-05 10:20:39'),(154,24,'takahashi.shiro@example.jp','takahashi.shiro@example.jp','2016-09-05 10:20:39','2016-09-05 10:20:39'),(155,25,'takahashi.goro@example.jp','takahashi.goro@example.jp','2016-09-05 10:20:39','2016-09-05 10:20:39'),(156,26,'takahashi.matsuko@example.jp','takahashi.matsuko@example.jp','2016-09-05 10:20:39','2016-09-05 10:20:39'),(157,27,'takahashi.takeko@example.jp','takahashi.takeko@example.jp','2016-09-05 10:20:39','2016-09-05 10:20:39'),(158,28,'takahashi.umeko@example.jp','takahashi.umeko@example.jp','2016-09-05 10:20:39','2016-09-05 10:20:39'),(159,29,'takahashi.tsuruko@example.jp','takahashi.tsuruko@example.jp','2016-09-05 10:20:39','2016-09-05 10:20:39'),(160,30,'takahashi.kameko@example.jp','takahashi.kameko@example.jp','2016-09-05 10:20:39','2016-09-05 10:20:39'),(161,31,'tanaka.ichiro@example.jp','tanaka.ichiro@example.jp','2016-09-05 10:20:39','2016-09-05 10:20:39'),(162,32,'tanaka.jiro@example.jp','tanaka.jiro@example.jp','2016-09-05 10:20:39','2016-09-05 10:20:39'),(163,33,'tanaka.saburo@example.jp','tanaka.saburo@example.jp','2016-09-05 10:20:39','2016-09-05 10:20:39'),(164,34,'tanaka.shiro@example.jp','tanaka.shiro@example.jp','2016-09-05 10:20:39','2016-09-05 10:20:39'),(165,35,'tanaka.goro@example.jp','tanaka.goro@example.jp','2016-09-05 10:20:39','2016-09-05 10:20:39'),(166,36,'tanaka.matsuko@example.jp','tanaka.matsuko@example.jp','2016-09-05 10:20:39','2016-09-05 10:20:39'),(167,37,'tanaka.takeko@example.jp','tanaka.takeko@example.jp','2016-09-05 10:20:39','2016-09-05 10:20:39'),(168,38,'tanaka.umeko@example.jp','tanaka.umeko@example.jp','2016-09-05 10:20:39','2016-09-05 10:20:39'),(169,39,'tanaka.tsuruko@example.jp','tanaka.tsuruko@example.jp','2016-09-05 10:20:39','2016-09-05 10:20:39'),(170,40,'tanaka.kameko@example.jp','tanaka.kameko@example.jp','2016-09-05 10:20:39','2016-09-05 10:20:39'),(171,41,'watanabe.ichiro@example.jp','watanabe.ichiro@example.jp','2016-09-05 10:20:39','2016-09-05 10:20:39'),(172,42,'watanabe.jiro@example.jp','watanabe.jiro@example.jp','2016-09-05 10:20:39','2016-09-05 10:20:39'),(173,43,'watanabe.saburo@example.jp','watanabe.saburo@example.jp','2016-09-05 10:20:39','2016-09-05 10:20:39'),(174,44,'watanabe.shiro@example.jp','watanabe.shiro@example.jp','2016-09-05 10:20:39','2016-09-05 10:20:39'),(175,45,'watanabe.goro@example.jp','watanabe.goro@example.jp','2016-09-05 10:20:39','2016-09-05 10:20:39'),(176,46,'watanabe.matsuko@example.jp','watanabe.matsuko@example.jp','2016-09-05 10:20:39','2016-09-05 10:20:39'),(177,47,'watanabe.takeko@example.jp','watanabe.takeko@example.jp','2016-09-05 10:20:39','2016-09-05 10:20:39'),(178,48,'watanabe.umeko@example.jp','watanabe.umeko@example.jp','2016-09-05 10:20:39','2016-09-05 10:20:39'),(179,49,'watanabe.tsuruko@example.jp','watanabe.tsuruko@example.jp','2016-09-05 10:20:39','2016-09-05 10:20:39'),(180,50,'watanabe.kameko@example.jp','watanabe.kameko@example.jp','2016-09-05 10:20:39','2016-09-05 10:20:39'),(181,51,'ito.ichiro@example.jp','ito.ichiro@example.jp','2016-09-05 10:20:39','2016-09-05 10:20:39'),(182,52,'ito.jiro@example.jp','ito.jiro@example.jp','2016-09-05 10:20:39','2016-09-05 10:20:39'),(183,53,'ito.saburo@example.jp','ito.saburo@example.jp','2016-09-05 10:20:39','2016-09-05 10:20:39'),(184,54,'ito.shiro@example.jp','ito.shiro@example.jp','2016-09-05 10:20:39','2016-09-05 10:20:39'),(185,55,'ito.goro@example.jp','ito.goro@example.jp','2016-09-05 10:20:39','2016-09-05 10:20:39'),(186,56,'ito.matsuko@example.jp','ito.matsuko@example.jp','2016-09-05 10:20:39','2016-09-05 10:20:39'),(187,57,'ito.takeko@example.jp','ito.takeko@example.jp','2016-09-05 10:20:39','2016-09-05 10:20:39'),(188,58,'ito.umeko@example.jp','ito.umeko@example.jp','2016-09-05 10:20:39','2016-09-05 10:20:39'),(189,59,'ito.tsuruko@example.jp','ito.tsuruko@example.jp','2016-09-05 10:20:39','2016-09-05 10:20:39'),(190,60,'ito.kameko@example.jp','ito.kameko@example.jp','2016-09-05 10:20:39','2016-09-05 10:20:39'),(191,61,'yamamoto.ichiro@example.jp','yamamoto.ichiro@example.jp','2016-09-05 10:20:39','2016-09-05 10:20:39'),(192,62,'yamamoto.jiro@example.jp','yamamoto.jiro@example.jp','2016-09-05 10:20:39','2016-09-05 10:20:39'),(193,63,'yamamoto.saburo@example.jp','yamamoto.saburo@example.jp','2016-09-05 10:20:39','2016-09-05 10:20:39'),(194,64,'yamamoto.shiro@example.jp','yamamoto.shiro@example.jp','2016-09-05 10:20:39','2016-09-05 10:20:39'),(195,65,'yamamoto.goro@example.jp','yamamoto.goro@example.jp','2016-09-05 10:20:39','2016-09-05 10:20:39'),(196,66,'yamamoto.matsuko@example.jp','yamamoto.matsuko@example.jp','2016-09-05 10:20:39','2016-09-05 10:20:39'),(197,67,'yamamoto.takeko@example.jp','yamamoto.takeko@example.jp','2016-09-05 10:20:39','2016-09-05 10:20:39'),(198,68,'yamamoto.umeko@example.jp','yamamoto.umeko@example.jp','2016-09-05 10:20:39','2016-09-05 10:20:39'),(199,69,'yamamoto.tsuruko@example.jp','yamamoto.tsuruko@example.jp','2016-09-05 10:20:39','2016-09-05 10:20:39'),(200,70,'yamamoto.kameko@example.jp','yamamoto.kameko@example.jp','2016-09-05 10:20:39','2016-09-05 10:20:39'),(201,71,'nakamura.ichiro@example.jp','nakamura.ichiro@example.jp','2016-09-05 10:20:39','2016-09-05 10:20:39'),(202,72,'nakamura.jiro@example.jp','nakamura.jiro@example.jp','2016-09-05 10:20:39','2016-09-05 10:20:39'),(203,73,'nakamura.saburo@example.jp','nakamura.saburo@example.jp','2016-09-05 10:20:39','2016-09-05 10:20:39'),(204,74,'nakamura.shiro@example.jp','nakamura.shiro@example.jp','2016-09-05 10:20:39','2016-09-05 10:20:39'),(205,75,'nakamura.goro@example.jp','nakamura.goro@example.jp','2016-09-05 10:20:39','2016-09-05 10:20:39'),(206,76,'nakamura.matsuko@example.jp','nakamura.matsuko@example.jp','2016-09-05 10:20:39','2016-09-05 10:20:39'),(207,77,'nakamura.takeko@example.jp','nakamura.takeko@example.jp','2016-09-05 10:20:39','2016-09-05 10:20:39'),(208,78,'nakamura.umeko@example.jp','nakamura.umeko@example.jp','2016-09-05 10:20:39','2016-09-05 10:20:39'),(209,79,'nakamura.tsuruko@example.jp','nakamura.tsuruko@example.jp','2016-09-05 10:20:39','2016-09-05 10:20:39'),(210,80,'nakamura.kameko@example.jp','nakamura.kameko@example.jp','2016-09-05 10:20:39','2016-09-05 10:20:39'),(211,81,'kobayashi.ichiro@example.jp','kobayashi.ichiro@example.jp','2016-09-05 10:20:39','2016-09-05 10:20:39'),(212,82,'kobayashi.jiro@example.jp','kobayashi.jiro@example.jp','2016-09-05 10:20:39','2016-09-05 10:20:39'),(213,83,'kobayashi.saburo@example.jp','kobayashi.saburo@example.jp','2016-09-05 10:20:39','2016-09-05 10:20:39'),(214,84,'kobayashi.shiro@example.jp','kobayashi.shiro@example.jp','2016-09-05 10:20:39','2016-09-05 10:20:39'),(215,85,'kobayashi.goro@example.jp','kobayashi.goro@example.jp','2016-09-05 10:20:39','2016-09-05 10:20:39'),(216,86,'kobayashi.matsuko@example.jp','kobayashi.matsuko@example.jp','2016-09-05 10:20:39','2016-09-05 10:20:39'),(217,87,'kobayashi.takeko@example.jp','kobayashi.takeko@example.jp','2016-09-05 10:20:39','2016-09-05 10:20:39'),(218,88,'kobayashi.umeko@example.jp','kobayashi.umeko@example.jp','2016-09-05 10:20:39','2016-09-05 10:20:39'),(219,89,'kobayashi.tsuruko@example.jp','kobayashi.tsuruko@example.jp','2016-09-05 10:20:39','2016-09-05 10:20:39'),(220,90,'kobayashi.kameko@example.jp','kobayashi.kameko@example.jp','2016-09-05 10:20:39','2016-09-05 10:20:39'),(221,91,'kato.ichiro@example.jp','kato.ichiro@example.jp','2016-09-05 10:20:39','2016-09-05 10:20:39'),(222,92,'kato.jiro@example.jp','kato.jiro@example.jp','2016-09-05 10:20:39','2016-09-05 10:20:39'),(223,93,'kato.saburo@example.jp','kato.saburo@example.jp','2016-09-05 10:20:39','2016-09-05 10:20:39'),(224,94,'kato.shiro@example.jp','kato.shiro@example.jp','2016-09-05 10:20:39','2016-09-05 10:20:39'),(225,95,'kato.goro@example.jp','kato.goro@example.jp','2016-09-05 10:20:39','2016-09-05 10:20:39'),(226,96,'kato.matsuko@example.jp','kato.matsuko@example.jp','2016-09-05 10:20:39','2016-09-05 10:20:39'),(227,97,'kato.takeko@example.jp','kato.takeko@example.jp','2016-09-05 10:20:39','2016-09-05 10:20:39'),(228,98,'kato.umeko@example.jp','kato.umeko@example.jp','2016-09-05 10:20:39','2016-09-05 10:20:39'),(229,99,'kato.tsuruko@example.jp','kato.tsuruko@example.jp','2016-09-05 10:20:39','2016-09-05 10:20:39'),(230,100,'kato.kameko@example.jp','kato.kameko@example.jp','2016-09-05 10:20:39','2016-09-05 10:20:39');
/*!40000 ALTER TABLE `emails` ENABLE KEYS */;
UNLOCK TABLES;

--
-- Table structure for table `entries`
--

DROP TABLE IF EXISTS `entries`;
/*!40101 SET @saved_cs_client     = @@character_set_client */;
/*!40101 SET character_set_client = utf8 */;
CREATE TABLE `entries` (
  `id` int(11) NOT NULL AUTO_INCREMENT,
  `program_id` int(11) NOT NULL,
  `customer_id` int(11) NOT NULL,
  `approved` tinyint(1) NOT NULL DEFAULT '0',
  `canceled` tinyint(1) NOT NULL DEFAULT '0',
  `created_at` datetime DEFAULT NULL,
  `updated_at` datetime DEFAULT NULL,
  PRIMARY KEY (`id`),
  UNIQUE KEY `index_entries_on_program_id_and_customer_id` (`program_id`,`customer_id`) USING BTREE,
  KEY `index_entries_on_customer_id` (`customer_id`) USING BTREE,
  CONSTRAINT `fk_rails_5b5968740a` FOREIGN KEY (`program_id`) REFERENCES `programs` (`id`),
  CONSTRAINT `fk_rails_665d325377` FOREIGN KEY (`customer_id`) REFERENCES `customers` (`id`)
) ENGINE=InnoDB AUTO_INCREMENT=31 DEFAULT CHARSET=utf8;
/*!40101 SET character_set_client = @saved_cs_client */;

--
-- Dumping data for table `entries`
--

LOCK TABLES `entries` WRITE;
/*!40000 ALTER TABLE `entries` DISABLE KEYS */;
INSERT INTO `entries` VALUES (1,19,1,0,0,'2016-08-14 23:15:31','2016-08-14 23:15:31'),(2,19,2,0,0,'2016-08-14 23:15:31','2016-08-14 23:15:31'),(3,19,3,0,0,'2016-08-14 23:15:31','2016-08-14 23:15:31'),(4,19,4,0,0,'2016-08-14 23:15:31','2016-08-14 23:15:31'),(5,19,5,0,0,'2016-08-14 23:15:31','2016-08-14 23:15:31'),(6,18,1,0,0,'2016-08-14 23:15:31','2016-08-14 23:15:31'),(7,18,2,0,0,'2016-08-14 23:15:31','2016-08-14 23:15:31'),(8,18,3,0,0,'2016-08-14 23:15:31','2016-08-14 23:15:31'),(9,18,4,0,0,'2016-08-14 23:15:31','2016-08-14 23:15:31'),(10,18,5,0,0,'2016-08-14 23:15:31','2016-08-14 23:15:31'),(11,18,6,0,0,'2016-08-14 23:15:31','2016-08-14 23:15:31'),(12,18,7,0,0,'2016-08-14 23:15:31','2016-08-14 23:15:31'),(13,18,8,0,0,'2016-08-14 23:15:31','2016-08-14 23:15:31'),(14,18,9,0,0,'2016-08-14 23:15:32','2016-08-14 23:15:32'),(15,18,10,0,0,'2016-08-14 23:15:32','2016-08-14 23:15:32'),(16,17,1,0,0,'2016-08-14 23:15:32','2016-08-14 23:15:32'),(17,17,2,0,0,'2016-08-14 23:15:32','2016-08-14 23:15:32'),(18,17,3,0,0,'2016-08-14 23:15:32','2016-08-14 23:15:32'),(19,17,4,0,0,'2016-08-14 23:15:32','2016-08-14 23:15:32'),(20,17,5,0,0,'2016-08-14 23:15:32','2016-08-14 23:15:32'),(21,17,6,0,0,'2016-08-14 23:15:32','2016-08-14 23:15:32'),(22,17,7,0,0,'2016-08-14 23:15:32','2016-08-14 23:15:32'),(23,17,8,0,0,'2016-08-14 23:15:32','2016-08-14 23:15:32'),(24,17,9,0,0,'2016-08-14 23:15:32','2016-08-14 23:15:32'),(25,17,10,0,0,'2016-08-14 23:15:32','2016-08-14 23:15:32'),(26,17,11,0,0,'2016-08-14 23:15:32','2016-08-14 23:15:32'),(27,17,12,0,0,'2016-08-14 23:15:32','2016-08-14 23:15:32'),(28,17,13,0,0,'2016-08-14 23:15:32','2016-08-14 23:15:32'),(29,17,14,0,0,'2016-08-14 23:15:32','2016-08-14 23:15:32'),(30,17,15,0,0,'2016-08-14 23:15:32','2016-08-14 23:15:32');
/*!40000 ALTER TABLE `entries` ENABLE KEYS */;
UNLOCK TABLES;

--
-- Table structure for table `hash_locks`
--

DROP TABLE IF EXISTS `hash_locks`;
/*!40101 SET @saved_cs_client     = @@character_set_client */;
/*!40101 SET character_set_client = utf8 */;
CREATE TABLE `hash_locks` (
  `id` int(11) NOT NULL AUTO_INCREMENT,
  `table` varchar(255) NOT NULL,
  `column` varchar(255) NOT NULL,
  `key` varchar(255) NOT NULL,
  `created_at` datetime DEFAULT NULL,
  `updated_at` datetime DEFAULT NULL,
  PRIMARY KEY (`id`),
  UNIQUE KEY `index_hash_locks_on_table_and_column_and_key` (`table`,`column`,`key`) USING BTREE
) ENGINE=InnoDB AUTO_INCREMENT=257 DEFAULT CHARSET=utf8;
/*!40101 SET character_set_client = @saved_cs_client */;

--
-- Dumping data for table `hash_locks`
--

LOCK TABLES `hash_locks` WRITE;
/*!40000 ALTER TABLE `hash_locks` DISABLE KEYS */;
INSERT INTO `hash_locks` VALUES (1,'tags','value','00','2016-08-14 23:14:09','2016-08-14 23:14:09'),(2,'tags','value','01','2016-08-14 23:14:09','2016-08-14 23:14:09'),(3,'tags','value','02','2016-08-14 23:14:09','2016-08-14 23:14:09'),(4,'tags','value','03','2016-08-14 23:14:09','2016-08-14 23:14:09'),(5,'tags','value','04','2016-08-14 23:14:09','2016-08-14 23:14:09'),(6,'tags','value','05','2016-08-14 23:14:09','2016-08-14 23:14:09'),(7,'tags','value','06','2016-08-14 23:14:09','2016-08-14 23:14:09'),(8,'tags','value','07','2016-08-14 23:14:09','2016-08-14 23:14:09'),(9,'tags','value','08','2016-08-14 23:14:09','2016-08-14 23:14:09'),(10,'tags','value','09','2016-08-14 23:14:09','2016-08-14 23:14:09'),(11,'tags','value','0a','2016-08-14 23:14:09','2016-08-14 23:14:09'),(12,'tags','value','0b','2016-08-14 23:14:09','2016-08-14 23:14:09'),(13,'tags','value','0c','2016-08-14 23:14:10','2016-08-14 23:14:10'),(14,'tags','value','0d','2016-08-14 23:14:10','2016-08-14 23:14:10'),(15,'tags','value','0e','2016-08-14 23:14:10','2016-08-14 23:14:10'),(16,'tags','value','0f','2016-08-14 23:14:10','2016-08-14 23:14:10'),(17,'tags','value','10','2016-08-14 23:14:10','2016-08-14 23:14:10'),(18,'tags','value','11','2016-08-14 23:14:10','2016-08-14 23:14:10'),(19,'tags','value','12','2016-08-14 23:14:10','2016-08-14 23:14:10'),(20,'tags','value','13','2016-08-14 23:14:10','2016-08-14 23:14:10'),(21,'tags','value','14','2016-08-14 23:14:10','2016-08-14 23:14:10'),(22,'tags','value','15','2016-08-14 23:14:10','2016-08-14 23:14:10'),(23,'tags','value','16','2016-08-14 23:14:10','2016-08-14 23:14:10'),(24,'tags','value','17','2016-08-14 23:14:10','2016-08-14 23:14:10'),(25,'tags','value','18','2016-08-14 23:14:10','2016-08-14 23:14:10'),(26,'tags','value','19','2016-08-14 23:14:10','2016-08-14 23:14:10'),(27,'tags','value','1a','2016-08-14 23:14:10','2016-08-14 23:14:10'),(28,'tags','value','1b','2016-08-14 23:14:10','2016-08-14 23:14:10'),(29,'tags','value','1c','2016-08-14 23:14:11','2016-08-14 23:14:11'),(30,'tags','value','1d','2016-08-14 23:14:11','2016-08-14 23:14:11'),(31,'tags','value','1e','2016-08-14 23:14:11','2016-08-14 23:14:11'),(32,'tags','value','1f','2016-08-14 23:14:11','2016-08-14 23:14:11'),(33,'tags','value','20','2016-08-14 23:14:11','2016-08-14 23:14:11'),(34,'tags','value','21','2016-08-14 23:14:11','2016-08-14 23:14:11'),(35,'tags','value','22','2016-08-14 23:14:11','2016-08-14 23:14:11'),(36,'tags','value','23','2016-08-14 23:14:11','2016-08-14 23:14:11'),(37,'tags','value','24','2016-08-14 23:14:11','2016-08-14 23:14:11'),(38,'tags','value','25','2016-08-14 23:14:11','2016-08-14 23:14:11'),(39,'tags','value','26','2016-08-14 23:14:11','2016-08-14 23:14:11'),(40,'tags','value','27','2016-08-14 23:14:11','2016-08-14 23:14:11'),(41,'tags','value','28','2016-08-14 23:14:11','2016-08-14 23:14:11'),(42,'tags','value','29','2016-08-14 23:14:12','2016-08-14 23:14:12'),(43,'tags','value','2a','2016-08-14 23:14:12','2016-08-14 23:14:12'),(44,'tags','value','2b','2016-08-14 23:14:12','2016-08-14 23:14:12'),(45,'tags','value','2c','2016-08-14 23:14:12','2016-08-14 23:14:12'),(46,'tags','value','2d','2016-08-14 23:14:12','2016-08-14 23:14:12'),(47,'tags','value','2e','2016-08-14 23:14:12','2016-08-14 23:14:12'),(48,'tags','value','2f','2016-08-14 23:14:12','2016-08-14 23:14:12'),(49,'tags','value','30','2016-08-14 23:14:12','2016-08-14 23:14:12'),(50,'tags','value','31','2016-08-14 23:14:12','2016-08-14 23:14:12'),(51,'tags','value','32','2016-08-14 23:14:12','2016-08-14 23:14:12'),(52,'tags','value','33','2016-08-14 23:14:12','2016-08-14 23:14:12'),(53,'tags','value','34','2016-08-14 23:14:13','2016-08-14 23:14:13'),(54,'tags','value','35','2016-08-14 23:14:13','2016-08-14 23:14:13'),(55,'tags','value','36','2016-08-14 23:14:13','2016-08-14 23:14:13'),(56,'tags','value','37','2016-08-14 23:14:13','2016-08-14 23:14:13'),(57,'tags','value','38','2016-08-14 23:14:13','2016-08-14 23:14:13'),(58,'tags','value','39','2016-08-14 23:14:13','2016-08-14 23:14:13'),(59,'tags','value','3a','2016-08-14 23:14:13','2016-08-14 23:14:13'),(60,'tags','value','3b','2016-08-14 23:14:13','2016-08-14 23:14:13'),(61,'tags','value','3c','2016-08-14 23:14:13','2016-08-14 23:14:13'),(62,'tags','value','3d','2016-08-14 23:14:13','2016-08-14 23:14:13'),(63,'tags','value','3e','2016-08-14 23:14:14','2016-08-14 23:14:14'),(64,'tags','value','3f','2016-08-14 23:14:14','2016-08-14 23:14:14'),(65,'tags','value','40','2016-08-14 23:14:14','2016-08-14 23:14:14'),(66,'tags','value','41','2016-08-14 23:14:14','2016-08-14 23:14:14'),(67,'tags','value','42','2016-08-14 23:14:14','2016-08-14 23:14:14'),(68,'tags','value','43','2016-08-14 23:14:14','2016-08-14 23:14:14'),(69,'tags','value','44','2016-08-14 23:14:14','2016-08-14 23:14:14'),(70,'tags','value','45','2016-08-14 23:14:14','2016-08-14 23:14:14'),(71,'tags','value','46','2016-08-14 23:14:14','2016-08-14 23:14:14'),(72,'tags','value','47','2016-08-14 23:14:14','2016-08-14 23:14:14'),(73,'tags','value','48','2016-08-14 23:14:14','2016-08-14 23:14:14'),(74,'tags','value','49','2016-08-14 23:14:15','2016-08-14 23:14:15'),(75,'tags','value','4a','2016-08-14 23:14:15','2016-08-14 23:14:15'),(76,'tags','value','4b','2016-08-14 23:14:15','2016-08-14 23:14:15'),(77,'tags','value','4c','2016-08-14 23:14:15','2016-08-14 23:14:15'),(78,'tags','value','4d','2016-08-14 23:14:15','2016-08-14 23:14:15'),(79,'tags','value','4e','2016-08-14 23:14:15','2016-08-14 23:14:15'),(80,'tags','value','4f','2016-08-14 23:14:15','2016-08-14 23:14:15'),(81,'tags','value','50','2016-08-14 23:14:15','2016-08-14 23:14:15'),(82,'tags','value','51','2016-08-14 23:14:15','2016-08-14 23:14:15'),(83,'tags','value','52','2016-08-14 23:14:15','2016-08-14 23:14:15'),(84,'tags','value','53','2016-08-14 23:14:15','2016-08-14 23:14:15'),(85,'tags','value','54','2016-08-14 23:14:15','2016-08-14 23:14:15'),(86,'tags','value','55','2016-08-14 23:14:15','2016-08-14 23:14:15'),(87,'tags','value','56','2016-08-14 23:14:15','2016-08-14 23:14:15'),(88,'tags','value','57','2016-08-14 23:14:16','2016-08-14 23:14:16'),(89,'tags','value','58','2016-08-14 23:14:16','2016-08-14 23:14:16'),(90,'tags','value','59','2016-08-14 23:14:16','2016-08-14 23:14:16'),(91,'tags','value','5a','2016-08-14 23:14:16','2016-08-14 23:14:16'),(92,'tags','value','5b','2016-08-14 23:14:16','2016-08-14 23:14:16'),(93,'tags','value','5c','2016-08-14 23:14:16','2016-08-14 23:14:16'),(94,'tags','value','5d','2016-08-14 23:14:16','2016-08-14 23:14:16'),(95,'tags','value','5e','2016-08-14 23:14:16','2016-08-14 23:14:16'),(96,'tags','value','5f','2016-08-14 23:14:16','2016-08-14 23:14:16'),(97,'tags','value','60','2016-08-14 23:14:16','2016-08-14 23:14:16'),(98,'tags','value','61','2016-08-14 23:14:16','2016-08-14 23:14:16'),(99,'tags','value','62','2016-08-14 23:14:16','2016-08-14 23:14:16'),(100,'tags','value','63','2016-08-14 23:14:16','2016-08-14 23:14:16'),(101,'tags','value','64','2016-08-14 23:14:16','2016-08-14 23:14:16'),(102,'tags','value','65','2016-08-14 23:14:16','2016-08-14 23:14:16'),(103,'tags','value','66','2016-08-14 23:14:16','2016-08-14 23:14:16'),(104,'tags','value','67','2016-08-14 23:14:16','2016-08-14 23:14:16'),(105,'tags','value','68','2016-08-14 23:14:16','2016-08-14 23:14:16'),(106,'tags','value','69','2016-08-14 23:14:17','2016-08-14 23:14:17'),(107,'tags','value','6a','2016-08-14 23:14:17','2016-08-14 23:14:17'),(108,'tags','value','6b','2016-08-14 23:14:17','2016-08-14 23:14:17'),(109,'tags','value','6c','2016-08-14 23:14:17','2016-08-14 23:14:17'),(110,'tags','value','6d','2016-08-14 23:14:17','2016-08-14 23:14:17'),(111,'tags','value','6e','2016-08-14 23:14:17','2016-08-14 23:14:17'),(112,'tags','value','6f','2016-08-14 23:14:17','2016-08-14 23:14:17'),(113,'tags','value','70','2016-08-14 23:14:17','2016-08-14 23:14:17'),(114,'tags','value','71','2016-08-14 23:14:17','2016-08-14 23:14:17'),(115,'tags','value','72','2016-08-14 23:14:17','2016-08-14 23:14:17'),(116,'tags','value','73','2016-08-14 23:14:17','2016-08-14 23:14:17'),(117,'tags','value','74','2016-08-14 23:14:17','2016-08-14 23:14:17'),(118,'tags','value','75','2016-08-14 23:14:17','2016-08-14 23:14:17'),(119,'tags','value','76','2016-08-14 23:14:17','2016-08-14 23:14:17'),(120,'tags','value','77','2016-08-14 23:14:17','2016-08-14 23:14:17'),(121,'tags','value','78','2016-08-14 23:14:17','2016-08-14 23:14:17'),(122,'tags','value','79','2016-08-14 23:14:17','2016-08-14 23:14:17'),(123,'tags','value','7a','2016-08-14 23:14:18','2016-08-14 23:14:18'),(124,'tags','value','7b','2016-08-14 23:14:18','2016-08-14 23:14:18'),(125,'tags','value','7c','2016-08-14 23:14:18','2016-08-14 23:14:18'),(126,'tags','value','7d','2016-08-14 23:14:18','2016-08-14 23:14:18'),(127,'tags','value','7e','2016-08-14 23:14:18','2016-08-14 23:14:18'),(128,'tags','value','7f','2016-08-14 23:14:18','2016-08-14 23:14:18'),(129,'tags','value','80','2016-08-14 23:14:18','2016-08-14 23:14:18'),(130,'tags','value','81','2016-08-14 23:14:18','2016-08-14 23:14:18'),(131,'tags','value','82','2016-08-14 23:14:18','2016-08-14 23:14:18'),(132,'tags','value','83','2016-08-14 23:14:18','2016-08-14 23:14:18'),(133,'tags','value','84','2016-08-14 23:14:18','2016-08-14 23:14:18'),(134,'tags','value','85','2016-08-14 23:14:19','2016-08-14 23:14:19'),(135,'tags','value','86','2016-08-14 23:14:19','2016-08-14 23:14:19'),(136,'tags','value','87','2016-08-14 23:14:19','2016-08-14 23:14:19'),(137,'tags','value','88','2016-08-14 23:14:19','2016-08-14 23:14:19'),(138,'tags','value','89','2016-08-14 23:14:19','2016-08-14 23:14:19'),(139,'tags','value','8a','2016-08-14 23:14:19','2016-08-14 23:14:19'),(140,'tags','value','8b','2016-08-14 23:14:19','2016-08-14 23:14:19'),(141,'tags','value','8c','2016-08-14 23:14:19','2016-08-14 23:14:19'),(142,'tags','value','8d','2016-08-14 23:14:19','2016-08-14 23:14:19'),(143,'tags','value','8e','2016-08-14 23:14:19','2016-08-14 23:14:19'),(144,'tags','value','8f','2016-08-14 23:14:19','2016-08-14 23:14:19'),(145,'tags','value','90','2016-08-14 23:14:19','2016-08-14 23:14:19'),(146,'tags','value','91','2016-08-14 23:14:19','2016-08-14 23:14:19'),(147,'tags','value','92','2016-08-14 23:14:19','2016-08-14 23:14:19'),(148,'tags','value','93','2016-08-14 23:14:19','2016-08-14 23:14:19'),(149,'tags','value','94','2016-08-14 23:14:19','2016-08-14 23:14:19'),(150,'tags','value','95','2016-08-14 23:14:19','2016-08-14 23:14:19'),(151,'tags','value','96','2016-08-14 23:14:20','2016-08-14 23:14:20'),(152,'tags','value','97','2016-08-14 23:14:20','2016-08-14 23:14:20'),(153,'tags','value','98','2016-08-14 23:14:20','2016-08-14 23:14:20'),(154,'tags','value','99','2016-08-14 23:14:20','2016-08-14 23:14:20'),(155,'tags','value','9a','2016-08-14 23:14:20','2016-08-14 23:14:20'),(156,'tags','value','9b','2016-08-14 23:14:20','2016-08-14 23:14:20'),(157,'tags','value','9c','2016-08-14 23:14:20','2016-08-14 23:14:20'),(158,'tags','value','9d','2016-08-14 23:14:20','2016-08-14 23:14:20'),(159,'tags','value','9e','2016-08-14 23:14:20','2016-08-14 23:14:20'),(160,'tags','value','9f','2016-08-14 23:14:20','2016-08-14 23:14:20'),(161,'tags','value','a0','2016-08-14 23:14:20','2016-08-14 23:14:20'),(162,'tags','value','a1','2016-08-14 23:14:20','2016-08-14 23:14:20'),(163,'tags','value','a2','2016-08-14 23:14:20','2016-08-14 23:14:20'),(164,'tags','value','a3','2016-08-14 23:14:20','2016-08-14 23:14:20'),(165,'tags','value','a4','2016-08-14 23:14:20','2016-08-14 23:14:20'),(166,'tags','value','a5','2016-08-14 23:14:20','2016-08-14 23:14:20'),(167,'tags','value','a6','2016-08-14 23:14:20','2016-08-14 23:14:20'),(168,'tags','value','a7','2016-08-14 23:14:20','2016-08-14 23:14:20'),(169,'tags','value','a8','2016-08-14 23:14:21','2016-08-14 23:14:21'),(170,'tags','value','a9','2016-08-14 23:14:21','2016-08-14 23:14:21'),(171,'tags','value','aa','2016-08-14 23:14:21','2016-08-14 23:14:21'),(172,'tags','value','ab','2016-08-14 23:14:21','2016-08-14 23:14:21'),(173,'tags','value','ac','2016-08-14 23:14:21','2016-08-14 23:14:21'),(174,'tags','value','ad','2016-08-14 23:14:21','2016-08-14 23:14:21'),(175,'tags','value','ae','2016-08-14 23:14:21','2016-08-14 23:14:21'),(176,'tags','value','af','2016-08-14 23:14:21','2016-08-14 23:14:21'),(177,'tags','value','b0','2016-08-14 23:14:21','2016-08-14 23:14:21'),(178,'tags','value','b1','2016-08-14 23:14:21','2016-08-14 23:14:21'),(179,'tags','value','b2','2016-08-14 23:14:21','2016-08-14 23:14:21'),(180,'tags','value','b3','2016-08-14 23:14:21','2016-08-14 23:14:21'),(181,'tags','value','b4','2016-08-14 23:14:21','2016-08-14 23:14:21'),(182,'tags','value','b5','2016-08-14 23:14:21','2016-08-14 23:14:21'),(183,'tags','value','b6','2016-08-14 23:14:21','2016-08-14 23:14:21'),(184,'tags','value','b7','2016-08-14 23:14:21','2016-08-14 23:14:21'),(185,'tags','value','b8','2016-08-14 23:14:22','2016-08-14 23:14:22'),(186,'tags','value','b9','2016-08-14 23:14:22','2016-08-14 23:14:22'),(187,'tags','value','ba','2016-08-14 23:14:22','2016-08-14 23:14:22'),(188,'tags','value','bb','2016-08-14 23:14:22','2016-08-14 23:14:22'),(189,'tags','value','bc','2016-08-14 23:14:22','2016-08-14 23:14:22'),(190,'tags','value','bd','2016-08-14 23:14:22','2016-08-14 23:14:22'),(191,'tags','value','be','2016-08-14 23:14:22','2016-08-14 23:14:22'),(192,'tags','value','bf','2016-08-14 23:14:22','2016-08-14 23:14:22'),(193,'tags','value','c0','2016-08-14 23:14:22','2016-08-14 23:14:22'),(194,'tags','value','c1','2016-08-14 23:14:22','2016-08-14 23:14:22'),(195,'tags','value','c2','2016-08-14 23:14:22','2016-08-14 23:14:22'),(196,'tags','value','c3','2016-08-14 23:14:22','2016-08-14 23:14:22'),(197,'tags','value','c4','2016-08-14 23:14:22','2016-08-14 23:14:22'),(198,'tags','value','c5','2016-08-14 23:14:22','2016-08-14 23:14:22'),(199,'tags','value','c6','2016-08-14 23:14:22','2016-08-14 23:14:22'),(200,'tags','value','c7','2016-08-14 23:14:22','2016-08-14 23:14:22'),(201,'tags','value','c8','2016-08-14 23:14:22','2016-08-14 23:14:22'),(202,'tags','value','c9','2016-08-14 23:14:22','2016-08-14 23:14:22'),(203,'tags','value','ca','2016-08-14 23:14:23','2016-08-14 23:14:23'),(204,'tags','value','cb','2016-08-14 23:14:23','2016-08-14 23:14:23'),(205,'tags','value','cc','2016-08-14 23:14:23','2016-08-14 23:14:23'),(206,'tags','value','cd','2016-08-14 23:14:23','2016-08-14 23:14:23'),(207,'tags','value','ce','2016-08-14 23:14:23','2016-08-14 23:14:23'),(208,'tags','value','cf','2016-08-14 23:14:23','2016-08-14 23:14:23'),(209,'tags','value','d0','2016-08-14 23:14:23','2016-08-14 23:14:23'),(210,'tags','value','d1','2016-08-14 23:14:23','2016-08-14 23:14:23'),(211,'tags','value','d2','2016-08-14 23:14:23','2016-08-14 23:14:23'),(212,'tags','value','d3','2016-08-14 23:14:23','2016-08-14 23:14:23'),(213,'tags','value','d4','2016-08-14 23:14:23','2016-08-14 23:14:23'),(214,'tags','value','d5','2016-08-14 23:14:23','2016-08-14 23:14:23'),(215,'tags','value','d6','2016-08-14 23:14:23','2016-08-14 23:14:23'),(216,'tags','value','d7','2016-08-14 23:14:23','2016-08-14 23:14:23'),(217,'tags','value','d8','2016-08-14 23:14:23','2016-08-14 23:14:23'),(218,'tags','value','d9','2016-08-14 23:14:23','2016-08-14 23:14:23'),(219,'tags','value','da','2016-08-14 23:14:23','2016-08-14 23:14:23'),(220,'tags','value','db','2016-08-14 23:14:24','2016-08-14 23:14:24'),(221,'tags','value','dc','2016-08-14 23:14:24','2016-08-14 23:14:24'),(222,'tags','value','dd','2016-08-14 23:14:24','2016-08-14 23:14:24'),(223,'tags','value','de','2016-08-14 23:14:24','2016-08-14 23:14:24'),(224,'tags','value','df','2016-08-14 23:14:24','2016-08-14 23:14:24'),(225,'tags','value','e0','2016-08-14 23:14:24','2016-08-14 23:14:24'),(226,'tags','value','e1','2016-08-14 23:14:24','2016-08-14 23:14:24'),(227,'tags','value','e2','2016-08-14 23:14:24','2016-08-14 23:14:24'),(228,'tags','value','e3','2016-08-14 23:14:24','2016-08-14 23:14:24'),(229,'tags','value','e4','2016-08-14 23:14:24','2016-08-14 23:14:24'),(230,'tags','value','e5','2016-08-14 23:14:24','2016-08-14 23:14:24'),(231,'tags','value','e6','2016-08-14 23:14:24','2016-08-14 23:14:24'),(232,'tags','value','e7','2016-08-14 23:14:24','2016-08-14 23:14:24'),(233,'tags','value','e8','2016-08-14 23:14:24','2016-08-14 23:14:24'),(234,'tags','value','e9','2016-08-14 23:14:24','2016-08-14 23:14:24'),(235,'tags','value','ea','2016-08-14 23:14:24','2016-08-14 23:14:24'),(236,'tags','value','eb','2016-08-14 23:14:24','2016-08-14 23:14:24'),(237,'tags','value','ec','2016-08-14 23:14:24','2016-08-14 23:14:24'),(238,'tags','value','ed','2016-08-14 23:14:25','2016-08-14 23:14:25'),(239,'tags','value','ee','2016-08-14 23:14:25','2016-08-14 23:14:25'),(240,'tags','value','ef','2016-08-14 23:14:25','2016-08-14 23:14:25'),(241,'tags','value','f0','2016-08-14 23:14:25','2016-08-14 23:14:25'),(242,'tags','value','f1','2016-08-14 23:14:25','2016-08-14 23:14:25'),(243,'tags','value','f2','2016-08-14 23:14:25','2016-08-14 23:14:25'),(244,'tags','value','f3','2016-08-14 23:14:25','2016-08-14 23:14:25'),(245,'tags','value','f4','2016-08-14 23:14:25','2016-08-14 23:14:25'),(246,'tags','value','f5','2016-08-14 23:14:25','2016-08-14 23:14:25'),(247,'tags','value','f6','2016-08-14 23:14:25','2016-08-14 23:14:25'),(248,'tags','value','f7','2016-08-14 23:14:25','2016-08-14 23:14:25'),(249,'tags','value','f8','2016-08-14 23:14:25','2016-08-14 23:14:25'),(250,'tags','value','f9','2016-08-14 23:14:25','2016-08-14 23:14:25'),(251,'tags','value','fa','2016-08-14 23:14:25','2016-08-14 23:14:25'),(252,'tags','value','fb','2016-08-14 23:14:25','2016-08-14 23:14:25'),(253,'tags','value','fc','2016-08-14 23:14:25','2016-08-14 23:14:25'),(254,'tags','value','fd','2016-08-14 23:14:25','2016-08-14 23:14:25'),(255,'tags','value','fe','2016-08-14 23:14:25','2016-08-14 23:14:25'),(256,'tags','value','ff','2016-08-14 23:14:26','2016-08-14 23:14:26');
/*!40000 ALTER TABLE `hash_locks` ENABLE KEYS */;
UNLOCK TABLES;

--
-- Table structure for table `message_tag_links`
--

DROP TABLE IF EXISTS `message_tag_links`;
/*!40101 SET @saved_cs_client     = @@character_set_client */;
/*!40101 SET character_set_client = utf8 */;
CREATE TABLE `message_tag_links` (
  `id` int(11) NOT NULL AUTO_INCREMENT,
  `message_id` int(11) NOT NULL,
  `tag_id` int(11) NOT NULL,
  PRIMARY KEY (`id`),
  UNIQUE KEY `index_message_tag_links_on_message_id_and_tag_id` (`message_id`,`tag_id`) USING BTREE
) ENGINE=InnoDB DEFAULT CHARSET=utf8;
/*!40101 SET character_set_client = @saved_cs_client */;

--
-- Dumping data for table `message_tag_links`
--

LOCK TABLES `message_tag_links` WRITE;
/*!40000 ALTER TABLE `message_tag_links` DISABLE KEYS */;
/*!40000 ALTER TABLE `message_tag_links` ENABLE KEYS */;
UNLOCK TABLES;

--
-- Table structure for table `messages`
--

DROP TABLE IF EXISTS `messages`;
/*!40101 SET @saved_cs_client     = @@character_set_client */;
/*!40101 SET character_set_client = utf8 */;
CREATE TABLE `messages` (
  `id` int(11) NOT NULL AUTO_INCREMENT,
  `customer_id` int(11) NOT NULL,
  `staff_member_id` int(11) DEFAULT NULL,
  `root_id` int(11) DEFAULT NULL,
  `parent_id` int(11) DEFAULT NULL,
  `type` varchar(255) NOT NULL,
  `status` varchar(255) NOT NULL DEFAULT 'new',
  `subject` varchar(255) NOT NULL,
  `body` text,
  `remarks` text,
  `discarded` tinyint(1) NOT NULL DEFAULT '0',
  `deleted` tinyint(1) NOT NULL DEFAULT '0',
  `created_at` datetime DEFAULT NULL,
  `updated_at` datetime DEFAULT NULL,
  PRIMARY KEY (`id`),
  KEY `index_messages_on_customer_id_and_deleted_and_created_at` (`customer_id`,`deleted`,`created_at`) USING BTREE,
  KEY `index_messages_on_c_d_s_c` (`customer_id`,`deleted`,`status`,`created_at`) USING BTREE,
  KEY `index_messages_on_customer_id_and_discarded_and_created_at` (`customer_id`,`discarded`,`created_at`) USING BTREE,
  KEY `index_messages_on_customer_id` (`customer_id`) USING BTREE,
  KEY `fk_rails_aafcb31dbf` (`parent_id`) USING BTREE,
  KEY `index_messages_on_root_id_and_deleted_and_created_at` (`root_id`,`deleted`,`created_at`) USING BTREE,
  KEY `index_messages_on_staff_member_id` (`staff_member_id`) USING BTREE,
  KEY `index_messages_on_type_and_customer_id` (`type`,`customer_id`) USING BTREE,
  KEY `index_messages_on_type_and_staff_member_id` (`type`,`staff_member_id`) USING BTREE,
  CONSTRAINT `fk_rails_96fba28693` FOREIGN KEY (`staff_member_id`) REFERENCES `staff_members` (`id`),
  CONSTRAINT `fk_rails_5b6593a5b8` FOREIGN KEY (`customer_id`) REFERENCES `customers` (`id`),
  CONSTRAINT `fk_rails_a907b611e8` FOREIGN KEY (`root_id`) REFERENCES `messages` (`id`),
  CONSTRAINT `fk_rails_aafcb31dbf` FOREIGN KEY (`parent_id`) REFERENCES `messages` (`id`)
) ENGINE=InnoDB AUTO_INCREMENT=63 DEFAULT CHARSET=utf8;
/*!40101 SET character_set_client = @saved_cs_client */;

--
-- Dumping data for table `messages`
--

LOCK TABLES `messages` WRITE;
/*!40000 ALTER TABLE `messages` DISABLE KEYS */;
INSERT INTO `messages` VALUES (1,78,NULL,NULL,NULL,'CustomerMessage','new','これは問い合わせです。これは問い合わせです。これは問い合わせです。これは問い合わせです。','これは問い合わせです。\nこれは問い合わせです。\nこれは問い合わせです。\nこれは問い合わせです。\nこれは問い合わせです。\nこれは問い合わせです。\nこれは問い合わせです。\nこれは問い合わせです。\n',NULL,0,0,'2014-08-14 23:15:33','2016-08-14 23:15:33'),(2,78,14,1,1,'StaffMessage','new','これは返信です。これは返信です。これは返信です。これは返信です。','これは返信です。\nこれは返信です。\nこれは返信です。\nこれは返信です。\nこれは返信です。\nこれは返信です。\nこれは返信です。\nこれは返信です。\n',NULL,0,0,'2014-08-15 00:15:33','2016-08-14 23:15:33'),(3,78,NULL,1,2,'CustomerMessage','new','これは返信への返信です。','これは返信への返信です。',NULL,0,0,'2014-08-15 01:15:33','2016-08-14 23:15:33'),(4,78,2,1,3,'StaffMessage','new','これは返信の返信への返信です。','これは返信の返信への返信です。',NULL,0,0,'2014-08-15 02:15:33','2016-08-14 23:15:33'),(5,39,NULL,NULL,NULL,'CustomerMessage','new','これは問い合わせです。これは問い合わせです。これは問い合わせです。これは問い合わせです。','これは問い合わせです。\nこれは問い合わせです。\nこれは問い合わせです。\nこれは問い合わせです。\nこれは問い合わせです。\nこれは問い合わせです。\nこれは問い合わせです。\nこれは問い合わせです。\n',NULL,0,0,'2014-09-14 23:15:33','2016-08-14 23:15:33'),(6,39,15,5,5,'StaffMessage','new','これは返信です。これは返信です。これは返信です。これは返信です。','これは返信です。\nこれは返信です。\nこれは返信です。\nこれは返信です。\nこれは返信です。\nこれは返信です。\nこれは返信です。\nこれは返信です。\n',NULL,0,0,'2014-09-15 00:15:33','2016-08-14 23:15:33'),(7,84,NULL,NULL,NULL,'CustomerMessage','new','これは問い合わせです。これは問い合わせです。これは問い合わせです。これは問い合わせです。','これは問い合わせです。\nこれは問い合わせです。\nこれは問い合わせです。\nこれは問い合わせです。\nこれは問い合わせです。\nこれは問い合わせです。\nこれは問い合わせです。\nこれは問い合わせです。\n',NULL,0,0,'2014-10-14 23:15:33','2016-08-14 23:15:33'),(8,84,17,7,7,'StaffMessage','new','これは返信です。これは返信です。これは返信です。これは返信です。','これは返信です。\nこれは返信です。\nこれは返信です。\nこれは返信です。\nこれは返信です。\nこれは返信です。\nこれは返信です。\nこれは返信です。\n',NULL,0,0,'2014-10-15 00:15:33','2016-08-14 23:15:33'),(9,31,NULL,NULL,NULL,'CustomerMessage','new','これは問い合わせです。これは問い合わせです。これは問い合わせです。これは問い合わせです。','これは問い合わせです。\nこれは問い合わせです。\nこれは問い合わせです。\nこれは問い合わせです。\nこれは問い合わせです。\nこれは問い合わせです。\nこれは問い合わせです。\nこれは問い合わせです。\n',NULL,0,0,'2014-11-14 23:15:33','2016-08-14 23:15:33'),(10,31,19,9,9,'StaffMessage','new','これは返信です。これは返信です。これは返信です。これは返信です。','これは返信です。\nこれは返信です。\nこれは返信です。\nこれは返信です。\nこれは返信です。\nこれは返信です。\nこれは返信です。\nこれは返信です。\n',NULL,0,0,'2014-11-15 00:15:33','2016-08-14 23:15:33'),(11,55,NULL,NULL,NULL,'CustomerMessage','new','これは問い合わせです。これは問い合わせです。これは問い合わせです。これは問い合わせです。','これは問い合わせです。\nこれは問い合わせです。\nこれは問い合わせです。\nこれは問い合わせです。\nこれは問い合わせです。\nこれは問い合わせです。\nこれは問い合わせです。\nこれは問い合わせです。\n',NULL,0,0,'2014-12-14 23:15:33','2016-08-14 23:15:34'),(12,55,19,11,11,'StaffMessage','new','これは返信です。これは返信です。これは返信です。これは返信です。','これは返信です。\nこれは返信です。\nこれは返信です。\nこれは返信です。\nこれは返信です。\nこれは返信です。\nこれは返信です。\nこれは返信です。\n',NULL,0,0,'2014-12-15 00:15:33','2016-08-14 23:15:34'),(13,7,NULL,NULL,NULL,'CustomerMessage','new','これは問い合わせです。これは問い合わせです。これは問い合わせです。これは問い合わせです。','これは問い合わせです。\nこれは問い合わせです。\nこれは問い合わせです。\nこれは問い合わせです。\nこれは問い合わせです。\nこれは問い合わせです。\nこれは問い合わせです。\nこれは問い合わせです。\n',NULL,0,0,'2015-01-14 23:15:33','2016-08-14 23:15:34'),(14,7,4,13,13,'StaffMessage','new','これは返信です。これは返信です。これは返信です。これは返信です。','これは返信です。\nこれは返信です。\nこれは返信です。\nこれは返信です。\nこれは返信です。\nこれは返信です。\nこれは返信です。\nこれは返信です。\n',NULL,0,0,'2015-01-15 00:15:33','2016-08-14 23:15:34'),(15,19,NULL,NULL,NULL,'CustomerMessage','new','これは問い合わせです。これは問い合わせです。これは問い合わせです。これは問い合わせです。','これは問い合わせです。\nこれは問い合わせです。\nこれは問い合わせです。\nこれは問い合わせです。\nこれは問い合わせです。\nこれは問い合わせです。\nこれは問い合わせです。\nこれは問い合わせです。\n',NULL,0,0,'2015-02-14 23:15:33','2016-08-14 23:15:34'),(16,19,17,15,15,'StaffMessage','new','これは返信です。これは返信です。これは返信です。これは返信です。','これは返信です。\nこれは返信です。\nこれは返信です。\nこれは返信です。\nこれは返信です。\nこれは返信です。\nこれは返信です。\nこれは返信です。\n',NULL,0,0,'2015-02-15 00:15:33','2016-08-14 23:15:34'),(17,19,NULL,15,16,'CustomerMessage','new','これは返信への返信です。','これは返信への返信です。',NULL,0,0,'2015-02-15 01:15:33','2016-08-14 23:15:34'),(18,19,17,15,17,'StaffMessage','new','これは返信の返信への返信です。','これは返信の返信への返信です。',NULL,0,0,'2015-02-15 02:15:33','2016-08-14 23:15:34'),(19,58,NULL,NULL,NULL,'CustomerMessage','new','これは問い合わせです。これは問い合わせです。これは問い合わせです。これは問い合わせです。','これは問い合わせです。\nこれは問い合わせです。\nこれは問い合わせです。\nこれは問い合わせです。\nこれは問い合わせです。\nこれは問い合わせです。\nこれは問い合わせです。\nこれは問い合わせです。\n',NULL,0,0,'2015-03-14 23:15:33','2016-08-14 23:15:34'),(20,58,16,19,19,'StaffMessage','new','これは返信です。これは返信です。これは返信です。これは返信です。','これは返信です。\nこれは返信です。\nこれは返信です。\nこれは返信です。\nこれは返信です。\nこれは返信です。\nこれは返信です。\nこれは返信です。\n',NULL,0,0,'2015-03-15 00:15:33','2016-08-14 23:15:34'),(21,57,NULL,NULL,NULL,'CustomerMessage','new','これは問い合わせです。これは問い合わせです。これは問い合わせです。これは問い合わせです。','これは問い合わせです。\nこれは問い合わせです。\nこれは問い合わせです。\nこれは問い合わせです。\nこれは問い合わせです。\nこれは問い合わせです。\nこれは問い合わせです。\nこれは問い合わせです。\n',NULL,0,0,'2015-04-14 23:15:33','2016-08-14 23:15:34'),(22,57,16,21,21,'StaffMessage','new','これは返信です。これは返信です。これは返信です。これは返信です。','これは返信です。\nこれは返信です。\nこれは返信です。\nこれは返信です。\nこれは返信です。\nこれは返信です。\nこれは返信です。\nこれは返信です。\n',NULL,0,0,'2015-04-15 00:15:33','2016-08-14 23:15:34'),(23,11,NULL,NULL,NULL,'CustomerMessage','new','これは問い合わせです。これは問い合わせです。これは問い合わせです。これは問い合わせです。','これは問い合わせです。\nこれは問い合わせです。\nこれは問い合わせです。\nこれは問い合わせです。\nこれは問い合わせです。\nこれは問い合わせです。\nこれは問い合わせです。\nこれは問い合わせです。\n',NULL,0,0,'2015-05-14 23:15:33','2016-08-14 23:15:34'),(24,11,5,23,23,'StaffMessage','new','これは返信です。これは返信です。これは返信です。これは返信です。','これは返信です。\nこれは返信です。\nこれは返信です。\nこれは返信です。\nこれは返信です。\nこれは返信です。\nこれは返信です。\nこれは返信です。\n',NULL,0,0,'2015-05-15 00:15:33','2016-08-14 23:15:34'),(25,67,NULL,NULL,NULL,'CustomerMessage','new','これは問い合わせです。これは問い合わせです。これは問い合わせです。これは問い合わせです。','これは問い合わせです。\nこれは問い合わせです。\nこれは問い合わせです。\nこれは問い合わせです。\nこれは問い合わせです。\nこれは問い合わせです。\nこれは問い合わせです。\nこれは問い合わせです。\n',NULL,0,0,'2015-06-14 23:15:33','2016-08-14 23:15:35'),(26,67,1,25,25,'StaffMessage','new','これは返信です。これは返信です。これは返信です。これは返信です。','これは返信です。\nこれは返信です。\nこれは返信です。\nこれは返信です。\nこれは返信です。\nこれは返信です。\nこれは返信です。\nこれは返信です。\n',NULL,0,0,'2015-06-15 00:15:33','2016-08-14 23:15:35'),(27,92,NULL,NULL,NULL,'CustomerMessage','new','これは問い合わせです。これは問い合わせです。これは問い合わせです。これは問い合わせです。','これは問い合わせです。\nこれは問い合わせです。\nこれは問い合わせです。\nこれは問い合わせです。\nこれは問い合わせです。\nこれは問い合わせです。\nこれは問い合わせです。\nこれは問い合わせです。\n',NULL,0,0,'2015-07-14 23:15:33','2016-08-14 23:15:35'),(28,92,18,27,27,'StaffMessage','new','これは返信です。これは返信です。これは返信です。これは返信です。','これは返信です。\nこれは返信です。\nこれは返信です。\nこれは返信です。\nこれは返信です。\nこれは返信です。\nこれは返信です。\nこれは返信です。\n',NULL,0,0,'2015-07-15 00:15:33','2016-08-14 23:15:35'),(29,23,NULL,NULL,NULL,'CustomerMessage','new','これは問い合わせです。これは問い合わせです。これは問い合わせです。これは問い合わせです。','これは問い合わせです。\nこれは問い合わせです。\nこれは問い合わせです。\nこれは問い合わせです。\nこれは問い合わせです。\nこれは問い合わせです。\nこれは問い合わせです。\nこれは問い合わせです。\n',NULL,0,0,'2015-08-14 23:15:33','2016-08-14 23:15:35'),(30,23,12,29,29,'StaffMessage','new','これは返信です。これは返信です。これは返信です。これは返信です。','これは返信です。\nこれは返信です。\nこれは返信です。\nこれは返信です。\nこれは返信です。\nこれは返信です。\nこれは返信です。\nこれは返信です。\n',NULL,0,0,'2015-08-15 00:15:33','2016-08-14 23:15:35'),(31,23,NULL,29,30,'CustomerMessage','new','これは返信への返信です。','これは返信への返信です。',NULL,0,0,'2015-08-15 01:15:33','2016-08-14 23:15:35'),(32,23,8,29,31,'StaffMessage','new','これは返信の返信への返信です。','これは返信の返信への返信です。',NULL,0,0,'2015-08-15 02:15:33','2016-08-14 23:15:35'),(33,64,NULL,NULL,NULL,'CustomerMessage','new','これは問い合わせです。これは問い合わせです。これは問い合わせです。これは問い合わせです。','これは問い合わせです。\nこれは問い合わせです。\nこれは問い合わせです。\nこれは問い合わせです。\nこれは問い合わせです。\nこれは問い合わせです。\nこれは問い合わせです。\nこれは問い合わせです。\n',NULL,0,0,'2015-09-14 23:15:33','2016-08-14 23:15:35'),(34,64,8,33,33,'StaffMessage','new','これは返信です。これは返信です。これは返信です。これは返信です。','これは返信です。\nこれは返信です。\nこれは返信です。\nこれは返信です。\nこれは返信です。\nこれは返信です。\nこれは返信です。\nこれは返信です。\n',NULL,0,0,'2015-09-15 00:15:33','2016-08-14 23:15:35'),(35,18,NULL,NULL,NULL,'CustomerMessage','new','これは問い合わせです。これは問い合わせです。これは問い合わせです。これは問い合わせです。','これは問い合わせです。\nこれは問い合わせです。\nこれは問い合わせです。\nこれは問い合わせです。\nこれは問い合わせです。\nこれは問い合わせです。\nこれは問い合わせです。\nこれは問い合わせです。\n',NULL,0,0,'2015-10-14 23:15:33','2016-08-14 23:15:35'),(36,18,19,35,35,'StaffMessage','new','これは返信です。これは返信です。これは返信です。これは返信です。','これは返信です。\nこれは返信です。\nこれは返信です。\nこれは返信です。\nこれは返信です。\nこれは返信です。\nこれは返信です。\nこれは返信です。\n',NULL,0,0,'2015-10-15 00:15:33','2016-08-14 23:15:35'),(37,63,NULL,NULL,NULL,'CustomerMessage','new','これは問い合わせです。これは問い合わせです。これは問い合わせです。これは問い合わせです。','これは問い合わせです。\nこれは問い合わせです。\nこれは問い合わせです。\nこれは問い合わせです。\nこれは問い合わせです。\nこれは問い合わせです。\nこれは問い合わせです。\nこれは問い合わせです。\n',NULL,0,0,'2015-11-14 23:15:33','2016-08-14 23:15:35'),(38,63,4,37,37,'StaffMessage','new','これは返信です。これは返信です。これは返信です。これは返信です。','これは返信です。\nこれは返信です。\nこれは返信です。\nこれは返信です。\nこれは返信です。\nこれは返信です。\nこれは返信です。\nこれは返信です。\n',NULL,0,0,'2015-11-15 00:15:33','2016-08-14 23:15:35'),(39,84,NULL,NULL,NULL,'CustomerMessage','new','これは問い合わせです。これは問い合わせです。これは問い合わせです。これは問い合わせです。','これは問い合わせです。\nこれは問い合わせです。\nこれは問い合わせです。\nこれは問い合わせです。\nこれは問い合わせです。\nこれは問い合わせです。\nこれは問い合わせです。\nこれは問い合わせです。\n',NULL,0,0,'2015-12-14 23:15:33','2016-08-14 23:15:35'),(40,84,19,39,39,'StaffMessage','new','これは返信です。これは返信です。これは返信です。これは返信です。','これは返信です。\nこれは返信です。\nこれは返信です。\nこれは返信です。\nこれは返信です。\nこれは返信です。\nこれは返信です。\nこれは返信です。\n',NULL,0,0,'2015-12-15 00:15:33','2016-08-14 23:15:35'),(41,27,NULL,NULL,NULL,'CustomerMessage','new','これは問い合わせです。これは問い合わせです。これは問い合わせです。これは問い合わせです。','これは問い合わせです。\nこれは問い合わせです。\nこれは問い合わせです。\nこれは問い合わせです。\nこれは問い合わせです。\nこれは問い合わせです。\nこれは問い合わせです。\nこれは問い合わせです。\n',NULL,0,0,'2016-01-14 23:15:33','2016-08-14 23:15:35'),(42,27,6,41,41,'StaffMessage','new','これは返信です。これは返信です。これは返信です。これは返信です。','これは返信です。\nこれは返信です。\nこれは返信です。\nこれは返信です。\nこれは返信です。\nこれは返信です。\nこれは返信です。\nこれは返信です。\n',NULL,0,0,'2016-01-15 00:15:33','2016-08-14 23:15:35'),(43,94,NULL,NULL,NULL,'CustomerMessage','new','これは問い合わせです。これは問い合わせです。これは問い合わせです。これは問い合わせです。','これは問い合わせです。\nこれは問い合わせです。\nこれは問い合わせです。\nこれは問い合わせです。\nこれは問い合わせです。\nこれは問い合わせです。\nこれは問い合わせです。\nこれは問い合わせです。\n',NULL,0,0,'2016-02-14 23:15:33','2016-08-14 23:15:36'),(44,94,8,43,43,'StaffMessage','new','これは返信です。これは返信です。これは返信です。これは返信です。','これは返信です。\nこれは返信です。\nこれは返信です。\nこれは返信です。\nこれは返信です。\nこれは返信です。\nこれは返信です。\nこれは返信です。\n',NULL,0,0,'2016-02-15 00:15:33','2016-08-14 23:15:36'),(45,94,NULL,43,44,'CustomerMessage','new','これは返信への返信です。','これは返信への返信です。',NULL,0,0,'2016-02-15 01:15:33','2016-08-14 23:15:36'),(46,94,21,43,45,'StaffMessage','new','これは返信の返信への返信です。','これは返信の返信への返信です。',NULL,0,0,'2016-02-15 02:15:33','2016-08-14 23:15:36'),(47,62,NULL,NULL,NULL,'CustomerMessage','new','これは問い合わせです。これは問い合わせです。これは問い合わせです。これは問い合わせです。','これは問い合わせです。\nこれは問い合わせです。\nこれは問い合わせです。\nこれは問い合わせです。\nこれは問い合わせです。\nこれは問い合わせです。\nこれは問い合わせです。\nこれは問い合わせです。\n',NULL,0,0,'2016-03-14 23:15:33','2016-08-14 23:15:36'),(48,62,1,47,47,'StaffMessage','new','これは返信です。これは返信です。これは返信です。これは返信です。','これは返信です。\nこれは返信です。\nこれは返信です。\nこれは返信です。\nこれは返信です。\nこれは返信です。\nこれは返信です。\nこれは返信です。\n',NULL,0,0,'2016-03-15 00:15:33','2016-08-14 23:15:36'),(49,17,NULL,NULL,NULL,'CustomerMessage','new','これは問い合わせです。これは問い合わせです。これは問い合わせです。これは問い合わせです。','これは問い合わせです。\nこれは問い合わせです。\nこれは問い合わせです。\nこれは問い合わせです。\nこれは問い合わせです。\nこれは問い合わせです。\nこれは問い合わせです。\nこれは問い合わせです。\n',NULL,0,0,'2016-04-14 23:15:33','2016-08-14 23:15:36'),(50,17,13,49,49,'StaffMessage','new','これは返信です。これは返信です。これは返信です。これは返信です。','これは返信です。\nこれは返信です。\nこれは返信です。\nこれは返信です。\nこれは返信です。\nこれは返信です。\nこれは返信です。\nこれは返信です。\n',NULL,0,0,'2016-04-15 00:15:33','2016-08-14 23:15:36'),(51,10,NULL,NULL,NULL,'CustomerMessage','new','これは問い合わせです。これは問い合わせです。これは問い合わせです。これは問い合わせです。','これは問い合わせです。\nこれは問い合わせです。\nこれは問い合わせです。\nこれは問い合わせです。\nこれは問い合わせです。\nこれは問い合わせです。\nこれは問い合わせです。\nこれは問い合わせです。\n',NULL,0,0,'2016-05-14 23:15:33','2016-08-14 23:15:36'),(52,10,15,51,51,'StaffMessage','new','これは返信です。これは返信です。これは返信です。これは返信です。','これは返信です。\nこれは返信です。\nこれは返信です。\nこれは返信です。\nこれは返信です。\nこれは返信です。\nこれは返信です。\nこれは返信です。\n',NULL,0,0,'2016-05-15 00:15:33','2016-08-14 23:15:36'),(53,87,NULL,NULL,NULL,'CustomerMessage','new','これは問い合わせです。これは問い合わせです。これは問い合わせです。これは問い合わせです。','これは問い合わせです。\nこれは問い合わせです。\nこれは問い合わせです。\nこれは問い合わせです。\nこれは問い合わせです。\nこれは問い合わせです。\nこれは問い合わせです。\nこれは問い合わせです。\n',NULL,0,0,'2016-06-14 23:15:33','2016-08-14 23:15:36'),(54,87,21,53,53,'StaffMessage','new','これは返信です。これは返信です。これは返信です。これは返信です。','これは返信です。\nこれは返信です。\nこれは返信です。\nこれは返信です。\nこれは返信です。\nこれは返信です。\nこれは返信です。\nこれは返信です。\n',NULL,0,0,'2016-06-15 00:15:33','2016-08-14 23:15:36'),(55,35,NULL,NULL,NULL,'CustomerMessage','new','これは問い合わせです。これは問い合わせです。これは問い合わせです。これは問い合わせです。','これは問い合わせです。\nこれは問い合わせです。\nこれは問い合わせです。\nこれは問い合わせです。\nこれは問い合わせです。\nこれは問い合わせです。\nこれは問い合わせです。\nこれは問い合わせです。\n',NULL,0,0,'2016-08-13 23:15:36','2016-08-14 23:15:36'),(56,35,NULL,NULL,NULL,'CustomerMessage','new','これは問い合わせです。これは問い合わせです。これは問い合わせです。これは問い合わせです。','これは問い合わせです。\nこれは問い合わせです。\nこれは問い合わせです。\nこれは問い合わせです。\nこれは問い合わせです。\nこれは問い合わせです。\nこれは問い合わせです。\nこれは問い合わせです。\n',NULL,0,0,'2016-08-14 02:15:36','2016-08-14 23:15:36'),(57,86,NULL,NULL,NULL,'CustomerMessage','new','これは問い合わせです。これは問い合わせです。これは問い合わせです。これは問い合わせです。','これは問い合わせです。\nこれは問い合わせです。\nこれは問い合わせです。\nこれは問い合わせです。\nこれは問い合わせです。\nこれは問い合わせです。\nこれは問い合わせです。\nこれは問い合わせです。\n',NULL,0,0,'2016-08-14 05:15:36','2016-08-14 23:15:36'),(58,66,NULL,NULL,NULL,'CustomerMessage','new','これは問い合わせです。これは問い合わせです。これは問い合わせです。これは問い合わせです。','これは問い合わせです。\nこれは問い合わせです。\nこれは問い合わせです。\nこれは問い合わせです。\nこれは問い合わせです。\nこれは問い合わせです。\nこれは問い合わせです。\nこれは問い合わせです。\n',NULL,0,0,'2016-08-14 08:15:36','2016-08-14 23:15:36'),(59,57,NULL,NULL,NULL,'CustomerMessage','new','これは問い合わせです。これは問い合わせです。これは問い合わせです。これは問い合わせです。','これは問い合わせです。\nこれは問い合わせです。\nこれは問い合わせです。\nこれは問い合わせです。\nこれは問い合わせです。\nこれは問い合わせです。\nこれは問い合わせです。\nこれは問い合わせです。\n',NULL,0,0,'2016-08-14 11:15:36','2016-08-14 23:15:37'),(60,40,NULL,NULL,NULL,'CustomerMessage','new','これは問い合わせです。これは問い合わせです。これは問い合わせです。これは問い合わせです。','これは問い合わせです。\nこれは問い合わせです。\nこれは問い合わせです。\nこれは問い合わせです。\nこれは問い合わせです。\nこれは問い合わせです。\nこれは問い合わせです。\nこれは問い合わせです。\n',NULL,0,0,'2016-08-14 14:15:36','2016-08-14 23:15:37'),(61,30,NULL,NULL,NULL,'CustomerMessage','new','これは問い合わせです。これは問い合わせです。これは問い合わせです。これは問い合わせです。','これは問い合わせです。\nこれは問い合わせです。\nこれは問い合わせです。\nこれは問い合わせです。\nこれは問い合わせです。\nこれは問い合わせです。\nこれは問い合わせです。\nこれは問い合わせです。\n',NULL,0,0,'2016-08-14 17:15:36','2016-08-14 23:15:37'),(62,95,NULL,NULL,NULL,'CustomerMessage','new','これは問い合わせです。これは問い合わせです。これは問い合わせです。これは問い合わせです。','これは問い合わせです。\nこれは問い合わせです。\nこれは問い合わせです。\nこれは問い合わせです。\nこれは問い合わせです。\nこれは問い合わせです。\nこれは問い合わせです。\nこれは問い合わせです。\n',NULL,0,0,'2016-08-14 20:15:36','2016-08-14 23:15:37');
/*!40000 ALTER TABLE `messages` ENABLE KEYS */;
UNLOCK TABLES;

--
-- Table structure for table `phones`
--

DROP TABLE IF EXISTS `phones`;
/*!40101 SET @saved_cs_client     = @@character_set_client */;
/*!40101 SET character_set_client = utf8 */;
CREATE TABLE `phones` (
  `id` int(11) NOT NULL AUTO_INCREMENT,
  `customer_id` int(11) NOT NULL,
  `address_id` int(11) DEFAULT NULL,
  `number` varchar(255) NOT NULL,
  `number_for_index` varchar(255) NOT NULL,
  `primary` tinyint(1) NOT NULL DEFAULT '0',
  `created_at` datetime DEFAULT NULL,
  `updated_at` datetime DEFAULT NULL,
  `last_four_digits` varchar(255) DEFAULT NULL,
  PRIMARY KEY (`id`),
  KEY `index_phones_on_address_id` (`address_id`) USING BTREE,
  KEY `index_phones_on_customer_id` (`customer_id`) USING BTREE,
  KEY `index_phones_on_last_four_digits` (`last_four_digits`) USING BTREE,
  KEY `index_phones_on_number_for_index` (`number_for_index`) USING BTREE,
  CONSTRAINT `fk_rails_4588ed0a89` FOREIGN KEY (`customer_id`) REFERENCES `customers` (`id`),
  CONSTRAINT `fk_rails_414d0d895a` FOREIGN KEY (`address_id`) REFERENCES `addresses` (`id`)
) ENGINE=InnoDB AUTO_INCREMENT=61 DEFAULT CHARSET=utf8;
/*!40101 SET character_set_client = @saved_cs_client */;

--
-- Dumping data for table `phones`
--

LOCK TABLES `phones` WRITE;
/*!40000 ALTER TABLE `phones` DISABLE KEYS */;
INSERT INTO `phones` VALUES (1,1,NULL,'090-0000-0000','09000000000',0,'2016-08-14 23:14:48','2016-08-14 23:14:48','0000'),(2,1,1,'03-0000-0000','0300000000',0,'2016-08-14 23:14:48','2016-08-14 23:14:48','0000'),(3,3,NULL,'090-0000-0002','09000000002',0,'2016-08-14 23:14:49','2016-08-14 23:14:49','0002'),(4,5,NULL,'090-0000-0004','09000000004',0,'2016-08-14 23:14:50','2016-08-14 23:14:50','0004'),(5,7,NULL,'090-0000-0006','09000000006',0,'2016-08-14 23:14:51','2016-08-14 23:14:51','0006'),(6,9,NULL,'090-0000-0008','09000000008',0,'2016-08-14 23:14:51','2016-08-14 23:14:51','0008'),(7,11,NULL,'090-0000-0010','09000000010',0,'2016-08-14 23:14:52','2016-08-14 23:14:52','0010'),(8,11,15,'03-0000-0001','0300000001',0,'2016-08-14 23:14:52','2016-08-14 23:14:52','0001'),(9,13,NULL,'090-0000-0012','09000000012',0,'2016-08-14 23:14:53','2016-08-14 23:14:53','0012'),(10,15,NULL,'090-0000-0014','09000000014',0,'2016-08-14 23:14:54','2016-08-14 23:14:54','0014'),(11,17,NULL,'090-0000-0016','09000000016',0,'2016-08-14 23:14:55','2016-08-14 23:14:55','0016'),(12,19,NULL,'090-0000-0018','09000000018',0,'2016-08-14 23:14:56','2016-08-14 23:14:56','0018'),(13,21,NULL,'090-0000-0020','09000000020',0,'2016-08-14 23:14:56','2016-08-14 23:14:56','0020'),(14,21,29,'03-0000-0002','0300000002',0,'2016-08-14 23:14:56','2016-08-14 23:14:56','0002'),(15,23,NULL,'090-0000-0022','09000000022',0,'2016-08-14 23:14:58','2016-08-14 23:14:58','0022'),(16,25,NULL,'090-0000-0024','09000000024',0,'2016-08-14 23:14:58','2016-08-14 23:14:58','0024'),(17,27,NULL,'090-0000-0026','09000000026',0,'2016-08-14 23:14:59','2016-08-14 23:14:59','0026'),(18,29,NULL,'090-0000-0028','09000000028',0,'2016-08-14 23:15:00','2016-08-14 23:15:00','0028'),(19,31,NULL,'090-0000-0030','09000000030',0,'2016-08-14 23:15:01','2016-08-14 23:15:01','0030'),(20,31,43,'03-0000-0003','0300000003',0,'2016-08-14 23:15:01','2016-08-14 23:15:01','0003'),(21,33,NULL,'090-0000-0032','09000000032',0,'2016-08-14 23:15:02','2016-08-14 23:15:02','0032'),(22,35,NULL,'090-0000-0034','09000000034',0,'2016-08-14 23:15:03','2016-08-14 23:15:03','0034'),(23,37,NULL,'090-0000-0036','09000000036',0,'2016-08-14 23:15:03','2016-08-14 23:15:03','0036'),(24,39,NULL,'090-0000-0038','09000000038',0,'2016-08-14 23:15:04','2016-08-14 23:15:04','0038'),(25,41,NULL,'090-0000-0040','09000000040',0,'2016-08-14 23:15:05','2016-08-14 23:15:05','0040'),(26,41,57,'03-0000-0004','0300000004',0,'2016-08-14 23:15:05','2016-08-14 23:15:05','0004'),(27,43,NULL,'090-0000-0042','09000000042',0,'2016-08-14 23:15:06','2016-08-14 23:15:06','0042'),(28,45,NULL,'090-0000-0044','09000000044',0,'2016-08-14 23:15:07','2016-08-14 23:15:07','0044'),(29,47,NULL,'090-0000-0046','09000000046',0,'2016-08-14 23:15:07','2016-08-14 23:15:07','0046'),(30,49,NULL,'090-0000-0048','09000000048',0,'2016-08-14 23:15:08','2016-08-14 23:15:08','0048'),(31,51,NULL,'090-0000-0050','09000000050',0,'2016-08-14 23:15:09','2016-08-14 23:15:09','0050'),(32,51,71,'03-0000-0005','0300000005',0,'2016-08-14 23:15:09','2016-08-14 23:15:09','0005'),(33,53,NULL,'090-0000-0052','09000000052',0,'2016-08-14 23:15:10','2016-08-14 23:15:10','0052'),(34,55,NULL,'090-0000-0054','09000000054',0,'2016-08-14 23:15:10','2016-08-14 23:15:10','0054'),(35,57,NULL,'090-0000-0056','09000000056',0,'2016-08-14 23:15:11','2016-08-14 23:15:11','0056'),(36,59,NULL,'090-0000-0058','09000000058',0,'2016-08-14 23:15:12','2016-08-14 23:15:12','0058'),(37,61,NULL,'090-0000-0060','09000000060',0,'2016-08-14 23:15:13','2016-08-14 23:15:13','0060'),(38,61,85,'03-0000-0006','0300000006',0,'2016-08-14 23:15:13','2016-08-14 23:15:13','0006'),(39,63,NULL,'090-0000-0062','09000000062',0,'2016-08-14 23:15:14','2016-08-14 23:15:14','0062'),(40,65,NULL,'090-0000-0064','09000000064',0,'2016-08-14 23:15:15','2016-08-14 23:15:15','0064'),(41,67,NULL,'090-0000-0066','09000000066',0,'2016-08-14 23:15:16','2016-08-14 23:15:16','0066'),(42,69,NULL,'090-0000-0068','09000000068',0,'2016-08-14 23:15:16','2016-08-14 23:15:16','0068'),(43,71,NULL,'090-0000-0070','09000000070',0,'2016-08-14 23:15:17','2016-08-14 23:15:17','0070'),(44,71,99,'03-0000-0007','0300000007',0,'2016-08-14 23:15:17','2016-08-14 23:15:17','0007'),(45,73,NULL,'090-0000-0072','09000000072',0,'2016-08-14 23:15:18','2016-08-14 23:15:18','0072'),(46,75,NULL,'090-0000-0074','09000000074',0,'2016-08-14 23:15:19','2016-08-14 23:15:19','0074'),(47,77,NULL,'090-0000-0076','09000000076',0,'2016-08-14 23:15:20','2016-08-14 23:15:20','0076'),(48,79,NULL,'090-0000-0078','09000000078',0,'2016-08-14 23:15:21','2016-08-14 23:15:21','0078'),(49,81,NULL,'090-0000-0080','09000000080',0,'2016-08-14 23:15:21','2016-08-14 23:15:21','0080'),(50,81,113,'03-0000-0008','0300000008',0,'2016-08-14 23:15:21','2016-08-14 23:15:21','0008'),(51,83,NULL,'090-0000-0082','09000000082',0,'2016-08-14 23:15:22','2016-08-14 23:15:22','0082'),(52,85,NULL,'090-0000-0084','09000000084',0,'2016-08-14 23:15:23','2016-08-14 23:15:23','0084'),(53,87,NULL,'090-0000-0086','09000000086',0,'2016-08-14 23:15:24','2016-08-14 23:15:24','0086'),(54,89,NULL,'090-0000-0088','09000000088',0,'2016-08-14 23:15:25','2016-08-14 23:15:25','0088'),(55,91,NULL,'090-0000-0090','09000000090',0,'2016-08-14 23:15:26','2016-08-14 23:15:26','0090'),(56,91,127,'03-0000-0009','0300000009',0,'2016-08-14 23:15:26','2016-08-14 23:15:26','0009'),(57,93,NULL,'090-0000-0092','09000000092',0,'2016-08-14 23:15:26','2016-08-14 23:15:26','0092'),(58,95,NULL,'090-0000-0094','09000000094',0,'2016-08-14 23:15:27','2016-08-14 23:15:27','0094'),(59,97,NULL,'090-0000-0096','09000000096',0,'2016-08-14 23:15:28','2016-08-14 23:15:28','0096'),(60,99,NULL,'090-0000-0098','09000000098',0,'2016-08-14 23:15:29','2016-08-14 23:15:29','0098');
/*!40000 ALTER TABLE `phones` ENABLE KEYS */;
UNLOCK TABLES;

--
-- Table structure for table `programs`
--

DROP TABLE IF EXISTS `programs`;
/*!40101 SET @saved_cs_client     = @@character_set_client */;
/*!40101 SET character_set_client = utf8 */;
CREATE TABLE `programs` (
  `id` int(11) NOT NULL AUTO_INCREMENT,
  `registrant_id` int(11) NOT NULL,
  `title` varchar(255) NOT NULL,
  `description` text,
  `application_start_time` datetime NOT NULL,
  `application_end_time` datetime NOT NULL,
  `min_number_of_participants` int(11) DEFAULT NULL,
  `max_number_of_participants` int(11) DEFAULT NULL,
  `created_at` datetime DEFAULT NULL,
  `updated_at` datetime DEFAULT NULL,
  PRIMARY KEY (`id`),
  KEY `index_programs_on_application_start_time` (`application_start_time`) USING BTREE,
  KEY `index_programs_on_registrant_id` (`registrant_id`) USING BTREE,
  CONSTRAINT `fk_rails_2aca24a1f0` FOREIGN KEY (`registrant_id`) REFERENCES `staff_members` (`id`)
) ENGINE=InnoDB AUTO_INCREMENT=21 DEFAULT CHARSET=utf8;
/*!40101 SET character_set_client = @saved_cs_client */;

--
-- Dumping data for table `programs`
--

LOCK TABLES `programs` WRITE;
/*!40000 ALTER TABLE `programs` DISABLE KEYS */;
INSERT INTO `programs` VALUES (1,1,'プログラム No.1','会員向け特別プログラムです。会員向け特別プログラムです。会員向け特別プログラムです。会員向け特別プログラムです。会員向け特別プログラムです。会員向け特別プログラムです。会員向け特別プログラムです。会員向け特別プログラムです。会員向け特別プログラムです。会員向け特別プログラムです。','2016-04-10 15:00:00','2016-04-17 15:00:00',NULL,NULL,'2016-08-14 23:15:29','2016-08-14 23:15:29'),(2,1,'プログラム No.2','会員向け特別プログラムです。会員向け特別プログラムです。会員向け特別プログラムです。会員向け特別プログラムです。会員向け特別プログラムです。会員向け特別プログラムです。会員向け特別プログラムです。会員向け特別プログラムです。会員向け特別プログラムです。会員向け特別プログラムです。','2016-04-17 15:00:00','2016-04-24 15:00:00',NULL,NULL,'2016-08-14 23:15:29','2016-08-14 23:15:29'),(3,1,'プログラム No.3','会員向け特別プログラムです。会員向け特別プログラムです。会員向け特別プログラムです。会員向け特別プログラムです。会員向け特別プログラムです。会員向け特別プログラムです。会員向け特別プログラムです。会員向け特別プログラムです。会員向け特別プログラムです。会員向け特別プログラムです。','2016-04-24 15:00:00','2016-05-01 15:00:00',NULL,NULL,'2016-08-14 23:15:29','2016-08-14 23:15:29'),(4,1,'プログラム No.4','会員向け特別プログラムです。会員向け特別プログラムです。会員向け特別プログラムです。会員向け特別プログラムです。会員向け特別プログラムです。会員向け特別プログラムです。会員向け特別プログラムです。会員向け特別プログラムです。会員向け特別プログラムです。会員向け特別プログラムです。','2016-05-01 15:00:00','2016-05-08 15:00:00',NULL,NULL,'2016-08-14 23:15:30','2016-08-14 23:15:30'),(5,1,'プログラム No.5','会員向け特別プログラムです。会員向け特別プログラムです。会員向け特別プログラムです。会員向け特別プログラムです。会員向け特別プログラムです。会員向け特別プログラムです。会員向け特別プログラムです。会員向け特別プログラムです。会員向け特別プログラムです。会員向け特別プログラムです。','2016-05-08 15:00:00','2016-05-15 15:00:00',NULL,NULL,'2016-08-14 23:15:30','2016-08-14 23:15:30'),(6,1,'プログラム No.6','会員向け特別プログラムです。会員向け特別プログラムです。会員向け特別プログラムです。会員向け特別プログラムです。会員向け特別プログラムです。会員向け特別プログラムです。会員向け特別プログラムです。会員向け特別プログラムです。会員向け特別プログラムです。会員向け特別プログラムです。','2016-05-15 15:00:00','2016-05-22 15:00:00',NULL,NULL,'2016-08-14 23:15:30','2016-08-14 23:15:30'),(7,1,'プログラム No.7','会員向け特別プログラムです。会員向け特別プログラムです。会員向け特別プログラムです。会員向け特別プログラムです。会員向け特別プログラムです。会員向け特別プログラムです。会員向け特別プログラムです。会員向け特別プログラムです。会員向け特別プログラムです。会員向け特別プログラムです。','2016-05-22 15:00:00','2016-05-29 15:00:00',NULL,NULL,'2016-08-14 23:15:30','2016-08-14 23:15:30'),(8,1,'プログラム No.8','会員向け特別プログラムです。会員向け特別プログラムです。会員向け特別プログラムです。会員向け特別プログラムです。会員向け特別プログラムです。会員向け特別プログラムです。会員向け特別プログラムです。会員向け特別プログラムです。会員向け特別プログラムです。会員向け特別プログラムです。','2016-05-29 15:00:00','2016-06-05 15:00:00',NULL,NULL,'2016-08-14 23:15:30','2016-08-14 23:15:30'),(9,1,'プログラム No.9','会員向け特別プログラムです。会員向け特別プログラムです。会員向け特別プログラムです。会員向け特別プログラムです。会員向け特別プログラムです。会員向け特別プログラムです。会員向け特別プログラムです。会員向け特別プログラムです。会員向け特別プログラムです。会員向け特別プログラムです。','2016-06-05 15:00:00','2016-06-12 15:00:00',NULL,NULL,'2016-08-14 23:15:30','2016-08-14 23:15:30'),(10,1,'プログラム No.10','会員向け特別プログラムです。会員向け特別プログラムです。会員向け特別プログラムです。会員向け特別プログラムです。会員向け特別プログラムです。会員向け特別プログラムです。会員向け特別プログラムです。会員向け特別プログラムです。会員向け特別プログラムです。会員向け特別プログラムです。','2016-06-12 15:00:00','2016-06-19 15:00:00',NULL,NULL,'2016-08-14 23:15:30','2016-08-14 23:15:30'),(11,1,'プログラム No.11','会員向け特別プログラムです。会員向け特別プログラムです。会員向け特別プログラムです。会員向け特別プログラムです。会員向け特別プログラムです。会員向け特別プログラムです。会員向け特別プログラムです。会員向け特別プログラムです。会員向け特別プログラムです。会員向け特別プログラムです。','2016-06-19 15:00:00','2016-06-26 15:00:00',NULL,NULL,'2016-08-14 23:15:30','2016-08-14 23:15:30'),(12,1,'プログラム No.12','会員向け特別プログラムです。会員向け特別プログラムです。会員向け特別プログラムです。会員向け特別プログラムです。会員向け特別プログラムです。会員向け特別プログラムです。会員向け特別プログラムです。会員向け特別プログラムです。会員向け特別プログラムです。会員向け特別プログラムです。','2016-06-26 15:00:00','2016-07-03 15:00:00',NULL,NULL,'2016-08-14 23:15:30','2016-08-14 23:15:30'),(13,1,'プログラム No.13','会員向け特別プログラムです。会員向け特別プログラムです。会員向け特別プログラムです。会員向け特別プログラムです。会員向け特別プログラムです。会員向け特別プログラムです。会員向け特別プログラムです。会員向け特別プログラムです。会員向け特別プログラムです。会員向け特別プログラムです。','2016-07-03 15:00:00','2016-07-10 15:00:00',NULL,NULL,'2016-08-14 23:15:30','2016-08-14 23:15:30'),(14,1,'プログラム No.14','会員向け特別プログラムです。会員向け特別プログラムです。会員向け特別プログラムです。会員向け特別プログラムです。会員向け特別プログラムです。会員向け特別プログラムです。会員向け特別プログラムです。会員向け特別プログラムです。会員向け特別プログラムです。会員向け特別プログラムです。','2016-07-10 15:00:00','2016-07-17 15:00:00',NULL,NULL,'2016-08-14 23:15:30','2016-08-14 23:15:30'),(15,1,'プログラム No.15','会員向け特別プログラムです。会員向け特別プログラムです。会員向け特別プログラムです。会員向け特別プログラムです。会員向け特別プログラムです。会員向け特別プログラムです。会員向け特別プログラムです。会員向け特別プログラムです。会員向け特別プログラムです。会員向け特別プログラムです。','2016-07-17 15:00:00','2016-07-24 15:00:00',NULL,NULL,'2016-08-14 23:15:30','2016-08-14 23:15:30'),(16,1,'プログラム No.16','会員向け特別プログラムです。会員向け特別プログラムです。会員向け特別プログラムです。会員向け特別プログラムです。会員向け特別プログラムです。会員向け特別プログラムです。会員向け特別プログラムです。会員向け特別プログラムです。会員向け特別プログラムです。会員向け特別プログラムです。','2016-07-24 15:00:00','2016-07-31 15:00:00',NULL,NULL,'2016-08-14 23:15:30','2016-08-14 23:15:30'),(17,1,'プログラム No.17','会員向け特別プログラムです。会員向け特別プログラムです。会員向け特別プログラムです。会員向け特別プログラムです。会員向け特別プログラムです。会員向け特別プログラムです。会員向け特別プログラムです。会員向け特別プログラムです。会員向け特別プログラムです。会員向け特別プログラムです。','2016-07-31 15:00:00','2016-08-07 15:00:00',NULL,NULL,'2016-08-14 23:15:30','2016-08-14 23:15:30'),(18,1,'プログラム No.18','会員向け特別プログラムです。会員向け特別プログラムです。会員向け特別プログラムです。会員向け特別プログラムです。会員向け特別プログラムです。会員向け特別プログラムです。会員向け特別プログラムです。会員向け特別プログラムです。会員向け特別プログラムです。会員向け特別プログラムです。','2016-08-07 15:00:00','2016-08-14 15:00:00',NULL,NULL,'2016-08-14 23:15:30','2016-08-14 23:15:30'),(19,1,'プログラム No.19','会員向け特別プログラムです。会員向け特別プログラムです。会員向け特別プログラムです。会員向け特別プログラムです。会員向け特別プログラムです。会員向け特別プログラムです。会員向け特別プログラムです。会員向け特別プログラムです。会員向け特別プログラムです。会員向け特別プログラムです。','2016-08-14 15:00:00','2016-08-21 15:00:00',NULL,NULL,'2016-08-14 23:15:31','2016-08-14 23:15:31'),(20,1,'プログラム No.20','会員向け特別プログラムです。会員向け特別プログラムです。会員向け特別プログラムです。会員向け特別プログラムです。会員向け特別プログラムです。会員向け特別プログラムです。会員向け特別プログラムです。会員向け特別プログラムです。会員向け特別プログラムです。会員向け特別プログラムです。','2016-08-21 15:00:00','2016-08-28 15:00:00',NULL,NULL,'2016-08-14 23:15:31','2016-08-14 23:15:31');
/*!40000 ALTER TABLE `programs` ENABLE KEYS */;
UNLOCK TABLES;

--
-- Table structure for table `schema_migrations`
--

DROP TABLE IF EXISTS `schema_migrations`;
/*!40101 SET @saved_cs_client     = @@character_set_client */;
/*!40101 SET character_set_client = utf8 */;
CREATE TABLE `schema_migrations` (
  `version` varchar(255) NOT NULL,
  UNIQUE KEY `unique_schema_migrations` (`version`)
) ENGINE=InnoDB DEFAULT CHARSET=utf8;
/*!40101 SET character_set_client = @saved_cs_client */;

--
-- Dumping data for table `schema_migrations`
--

LOCK TABLES `schema_migrations` WRITE;
/*!40000 ALTER TABLE `schema_migrations` DISABLE KEYS */;
INSERT INTO `schema_migrations` VALUES ('20140101000000'),('20140101000001'),('20140101000002'),('20140101000003'),('20140101000004'),('20140101000005'),('20140101000006'),('20140101000007'),('20140101000008'),('20140101000009'),('20140101000010'),('20140101000011'),('20140101000012'),('20140101000013'),('20140101000014'),('20140101000015'),('20140101000016'),('20140101000017'),('20140101000018'),('20140101000019'),('20140101000020'),('20160815005028'),('20160902073207'),('20160902081928');
/*!40000 ALTER TABLE `schema_migrations` ENABLE KEYS */;
UNLOCK TABLES;

--
-- Table structure for table `staff_events`
--

DROP TABLE IF EXISTS `staff_events`;
/*!40101 SET @saved_cs_client     = @@character_set_client */;
/*!40101 SET character_set_client = utf8 */;
CREATE TABLE `staff_events` (
  `id` int(11) NOT NULL AUTO_INCREMENT,
  `staff_member_id` int(11) NOT NULL,
  `type` varchar(255) NOT NULL,
  `created_at` datetime NOT NULL,
  PRIMARY KEY (`id`),
  KEY `index_staff_events_on_created_at` (`created_at`) USING BTREE,
  KEY `index_staff_events_on_staff_member_id_and_created_at` (`staff_member_id`,`created_at`) USING BTREE,
  CONSTRAINT `fk_rails_679bf50e22` FOREIGN KEY (`staff_member_id`) REFERENCES `staff_members` (`id`)
) ENGINE=InnoDB AUTO_INCREMENT=262 DEFAULT CHARSET=utf8;
/*!40101 SET character_set_client = @saved_cs_client */;

--
-- Dumping data for table `staff_events`
--

LOCK TABLES `staff_events` WRITE;
/*!40000 ALTER TABLE `staff_events` DISABLE KEYS */;
INSERT INTO `staff_events` VALUES (1,12,'logged_in','2016-08-04 07:14:32'),(2,16,'logged_out','2016-08-04 08:14:32'),(3,19,'logged_in','2016-08-04 09:14:32'),(4,6,'logged_out','2016-08-04 10:14:32'),(5,10,'logged_in','2016-08-04 11:14:33'),(6,4,'logged_out','2016-08-04 12:14:33'),(7,13,'logged_in','2016-08-04 13:14:33'),(8,2,'rejected','2016-08-04 14:14:33'),(9,6,'logged_in','2016-08-04 15:14:33'),(10,11,'logged_out','2016-08-04 16:14:33'),(11,17,'logged_in','2016-08-04 17:14:33'),(12,20,'logged_out','2016-08-04 18:14:33'),(13,6,'logged_in','2016-08-04 19:14:33'),(14,19,'logged_out','2016-08-04 20:14:33'),(15,8,'logged_in','2016-08-04 21:14:33'),(16,6,'logged_out','2016-08-04 22:14:33'),(17,8,'logged_in','2016-08-04 23:14:33'),(18,12,'logged_out','2016-08-05 00:14:33'),(19,15,'logged_in','2016-08-05 01:14:33'),(20,9,'logged_out','2016-08-05 02:14:33'),(21,3,'rejected','2016-08-05 03:14:34'),(22,8,'logged_out','2016-08-05 04:14:34'),(23,2,'rejected','2016-08-05 05:14:34'),(24,10,'logged_out','2016-08-05 06:14:34'),(25,10,'logged_in','2016-08-05 07:14:34'),(26,9,'logged_out','2016-08-05 08:14:34'),(27,9,'logged_in','2016-08-05 09:14:34'),(28,11,'logged_out','2016-08-05 10:14:34'),(29,6,'logged_in','2016-08-05 11:14:34'),(30,12,'logged_out','2016-08-05 12:14:34'),(31,6,'logged_in','2016-08-05 13:14:34'),(32,15,'logged_out','2016-08-05 14:14:34'),(33,21,'logged_in','2016-08-05 15:14:34'),(34,19,'logged_out','2016-08-05 16:14:34'),(35,20,'logged_in','2016-08-05 17:14:34'),(36,3,'rejected','2016-08-05 18:14:35'),(37,16,'logged_in','2016-08-05 19:14:35'),(38,19,'logged_out','2016-08-05 20:14:35'),(39,3,'rejected','2016-08-05 21:14:35'),(40,4,'logged_out','2016-08-05 22:14:35'),(41,12,'logged_in','2016-08-05 23:14:35'),(42,21,'logged_out','2016-08-06 00:14:35'),(43,14,'logged_in','2016-08-06 01:14:35'),(44,14,'logged_out','2016-08-06 02:14:35'),(45,19,'logged_in','2016-08-06 03:14:35'),(46,4,'logged_out','2016-08-06 04:14:35'),(47,9,'logged_in','2016-08-06 05:14:35'),(48,20,'logged_out','2016-08-06 06:14:35'),(49,14,'logged_in','2016-08-06 07:14:35'),(50,19,'logged_out','2016-08-06 08:14:35'),(51,1,'logged_in','2016-08-06 09:14:35'),(52,10,'logged_out','2016-08-06 10:14:35'),(53,16,'logged_in','2016-08-06 11:14:35'),(54,4,'logged_out','2016-08-06 12:14:35'),(55,3,'rejected','2016-08-06 13:14:36'),(56,19,'logged_out','2016-08-06 14:14:36'),(57,2,'rejected','2016-08-06 15:14:36'),(58,3,'rejected','2016-08-06 16:14:36'),(59,7,'logged_in','2016-08-06 17:14:36'),(60,19,'logged_out','2016-08-06 18:14:36'),(61,13,'logged_in','2016-08-06 19:14:36'),(62,20,'logged_out','2016-08-06 20:14:36'),(63,4,'logged_in','2016-08-06 21:14:36'),(64,10,'logged_out','2016-08-06 22:14:36'),(65,5,'logged_in','2016-08-06 23:14:36'),(66,4,'logged_out','2016-08-07 00:14:36'),(67,12,'logged_in','2016-08-07 01:14:36'),(68,4,'logged_out','2016-08-07 02:14:36'),(69,20,'logged_in','2016-08-07 03:14:36'),(70,19,'logged_out','2016-08-07 04:14:36'),(71,4,'logged_in','2016-08-07 05:14:36'),(72,7,'logged_out','2016-08-07 06:14:37'),(73,7,'logged_in','2016-08-07 07:14:37'),(74,8,'logged_out','2016-08-07 08:14:37'),(75,6,'logged_in','2016-08-07 09:14:37'),(76,2,'rejected','2016-08-07 10:14:37'),(77,10,'logged_in','2016-08-07 11:14:37'),(78,21,'logged_out','2016-08-07 12:14:37'),(79,16,'logged_in','2016-08-07 13:14:37'),(80,8,'logged_out','2016-08-07 14:14:37'),(81,17,'logged_in','2016-08-07 15:14:37'),(82,21,'logged_out','2016-08-07 16:14:37'),(83,5,'logged_in','2016-08-07 17:14:37'),(84,10,'logged_out','2016-08-07 18:14:37'),(85,3,'rejected','2016-08-07 19:14:37'),(86,7,'logged_out','2016-08-07 20:14:38'),(87,21,'logged_in','2016-08-07 21:14:38'),(88,12,'logged_out','2016-08-07 22:14:38'),(89,6,'logged_in','2016-08-07 23:14:38'),(90,9,'logged_out','2016-08-08 00:14:38'),(91,19,'logged_in','2016-08-08 01:14:38'),(92,21,'logged_out','2016-08-08 02:14:38'),(93,14,'logged_in','2016-08-08 03:14:38'),(94,11,'logged_out','2016-08-08 04:14:38'),(95,9,'logged_in','2016-08-08 05:14:38'),(96,16,'logged_out','2016-08-08 06:14:38'),(97,15,'logged_in','2016-08-08 07:14:38'),(98,13,'logged_out','2016-08-08 08:14:38'),(99,16,'logged_in','2016-08-08 09:14:38'),(100,10,'logged_out','2016-08-08 10:14:38'),(101,7,'logged_in','2016-08-08 11:14:38'),(102,2,'rejected','2016-08-08 12:14:38'),(103,5,'logged_in','2016-08-08 13:14:38'),(104,20,'logged_out','2016-08-08 14:14:39'),(105,19,'logged_in','2016-08-08 15:14:39'),(106,5,'logged_out','2016-08-08 16:14:39'),(107,7,'logged_in','2016-08-08 17:14:39'),(108,15,'logged_out','2016-08-08 18:14:39'),(109,21,'logged_in','2016-08-08 19:14:39'),(110,12,'logged_out','2016-08-08 20:14:39'),(111,6,'logged_in','2016-08-08 21:14:39'),(112,14,'logged_out','2016-08-08 22:14:39'),(113,9,'logged_in','2016-08-08 23:14:39'),(114,20,'logged_out','2016-08-09 00:14:39'),(115,1,'logged_in','2016-08-09 01:14:39'),(116,2,'rejected','2016-08-09 02:14:39'),(117,9,'logged_in','2016-08-09 03:14:40'),(118,13,'logged_out','2016-08-09 04:14:40'),(119,12,'logged_in','2016-08-09 05:14:40'),(120,8,'logged_out','2016-08-09 06:14:40'),(121,3,'rejected','2016-08-09 07:14:40'),(122,2,'rejected','2016-08-09 08:14:40'),(123,16,'logged_in','2016-08-09 09:14:40'),(124,7,'logged_out','2016-08-09 10:14:40'),(125,9,'logged_in','2016-08-09 11:14:40'),(126,8,'logged_out','2016-08-09 12:14:40'),(127,13,'logged_in','2016-08-09 13:14:40'),(128,7,'logged_out','2016-08-09 14:14:40'),(129,5,'logged_in','2016-08-09 15:14:40'),(130,16,'logged_out','2016-08-09 16:14:40'),(131,11,'logged_in','2016-08-09 17:14:40'),(132,5,'logged_out','2016-08-09 18:14:40'),(133,13,'logged_in','2016-08-09 19:14:40'),(134,2,'rejected','2016-08-09 20:14:40'),(135,13,'logged_in','2016-08-09 21:14:41'),(136,18,'logged_out','2016-08-09 22:14:41'),(137,9,'logged_in','2016-08-09 23:14:41'),(138,8,'logged_out','2016-08-10 00:14:41'),(139,20,'logged_in','2016-08-10 01:14:41'),(140,21,'logged_out','2016-08-10 02:14:41'),(141,3,'rejected','2016-08-10 03:14:41'),(142,15,'logged_out','2016-08-10 04:14:41'),(143,19,'logged_in','2016-08-10 05:14:41'),(144,5,'logged_out','2016-08-10 06:14:41'),(145,13,'logged_in','2016-08-10 07:14:41'),(146,4,'logged_out','2016-08-10 08:14:41'),(147,8,'logged_in','2016-08-10 09:14:41'),(148,2,'rejected','2016-08-10 10:14:41'),(149,19,'logged_in','2016-08-10 11:14:41'),(150,19,'logged_out','2016-08-10 12:14:41'),(151,4,'logged_in','2016-08-10 13:14:41'),(152,21,'logged_out','2016-08-10 14:14:42'),(153,13,'logged_in','2016-08-10 15:14:42'),(154,18,'logged_out','2016-08-10 16:14:42'),(155,14,'logged_in','2016-08-10 17:14:42'),(156,8,'logged_out','2016-08-10 18:14:42'),(157,13,'logged_in','2016-08-10 19:14:42'),(158,16,'logged_out','2016-08-10 20:14:42'),(159,18,'logged_in','2016-08-10 21:14:42'),(160,7,'logged_out','2016-08-10 22:14:42'),(161,20,'logged_in','2016-08-10 23:14:42'),(162,7,'logged_out','2016-08-11 00:14:42'),(163,9,'logged_in','2016-08-11 01:14:42'),(164,10,'logged_out','2016-08-11 02:14:42'),(165,3,'rejected','2016-08-11 03:14:42'),(166,1,'logged_out','2016-08-11 04:14:42'),(167,15,'logged_in','2016-08-11 05:14:42'),(168,20,'logged_out','2016-08-11 06:14:43'),(169,1,'logged_in','2016-08-11 07:14:43'),(170,4,'logged_out','2016-08-11 08:14:43'),(171,16,'logged_in','2016-08-11 09:14:43'),(172,4,'logged_out','2016-08-11 10:14:43'),(173,8,'logged_in','2016-08-11 11:14:43'),(174,11,'logged_out','2016-08-11 12:14:43'),(175,5,'logged_in','2016-08-11 13:14:43'),(176,8,'logged_out','2016-08-11 14:14:43'),(177,14,'logged_in','2016-08-11 15:14:43'),(178,7,'logged_out','2016-08-11 16:14:43'),(179,10,'logged_in','2016-08-11 17:14:43'),(180,4,'logged_out','2016-08-11 18:14:43'),(181,3,'rejected','2016-08-11 19:14:43'),(182,14,'logged_out','2016-08-11 20:14:43'),(183,21,'logged_in','2016-08-11 21:14:43'),(184,2,'rejected','2016-08-11 22:14:43'),(185,1,'logged_in','2016-08-11 23:14:44'),(186,9,'logged_out','2016-08-12 00:14:44'),(187,13,'logged_in','2016-08-12 01:14:44'),(188,3,'rejected','2016-08-12 02:14:44'),(189,16,'logged_in','2016-08-12 03:14:44'),(190,13,'logged_out','2016-08-12 04:14:44'),(191,3,'rejected','2016-08-12 05:14:44'),(192,19,'logged_out','2016-08-12 06:14:44'),(193,14,'logged_in','2016-08-12 07:14:44'),(194,8,'logged_out','2016-08-12 08:14:44'),(195,2,'rejected','2016-08-12 09:14:44'),(196,12,'logged_out','2016-08-12 10:14:44'),(197,7,'logged_in','2016-08-12 11:14:44'),(198,1,'logged_out','2016-08-12 12:14:44'),(199,4,'logged_in','2016-08-12 13:14:44'),(200,6,'logged_out','2016-08-12 14:14:44'),(201,17,'logged_in','2016-08-12 15:14:44'),(202,18,'logged_out','2016-08-12 16:14:44'),(203,9,'logged_in','2016-08-12 17:14:44'),(204,21,'logged_out','2016-08-12 18:14:45'),(205,2,'rejected','2016-08-12 19:14:45'),(206,1,'logged_out','2016-08-12 20:14:45'),(207,7,'logged_in','2016-08-12 21:14:45'),(208,5,'logged_out','2016-08-12 22:14:45'),(209,12,'logged_in','2016-08-12 23:14:45'),(210,10,'logged_out','2016-08-13 00:14:45'),(211,18,'logged_in','2016-08-13 01:14:45'),(212,18,'logged_out','2016-08-13 02:14:45'),(213,9,'logged_in','2016-08-13 03:14:45'),(214,20,'logged_out','2016-08-13 04:14:45'),(215,6,'logged_in','2016-08-13 05:14:45'),(216,14,'logged_out','2016-08-13 06:14:45'),(217,5,'logged_in','2016-08-13 07:14:45'),(218,10,'logged_out','2016-08-13 08:14:45'),(219,9,'logged_in','2016-08-13 09:14:45'),(220,17,'logged_out','2016-08-13 10:14:45'),(221,8,'logged_in','2016-08-13 11:14:45'),(222,1,'logged_out','2016-08-13 12:14:46'),(223,19,'logged_in','2016-08-13 13:14:46'),(224,6,'logged_out','2016-08-13 14:14:46'),(225,6,'logged_in','2016-08-13 15:14:46'),(226,6,'logged_out','2016-08-13 16:14:46'),(227,19,'logged_in','2016-08-13 17:14:46'),(228,19,'logged_out','2016-08-13 18:14:46'),(229,15,'logged_in','2016-08-13 19:14:46'),(230,2,'rejected','2016-08-13 20:14:46'),(231,14,'logged_in','2016-08-13 21:14:46'),(232,7,'logged_out','2016-08-13 22:14:46'),(233,19,'logged_in','2016-08-13 23:14:46'),(234,9,'logged_out','2016-08-14 00:14:46'),(235,10,'logged_in','2016-08-14 01:14:46'),(236,6,'logged_out','2016-08-14 02:14:46'),(237,19,'logged_in','2016-08-14 03:14:46'),(238,11,'logged_out','2016-08-14 04:14:46'),(239,17,'logged_in','2016-08-14 05:14:46'),(240,8,'logged_out','2016-08-14 06:14:46'),(241,1,'logged_in','2016-08-14 07:14:47'),(242,15,'logged_out','2016-08-14 08:14:47'),(243,19,'logged_in','2016-08-14 09:14:47'),(244,7,'logged_out','2016-08-14 10:14:47'),(245,2,'rejected','2016-08-14 11:14:47'),(246,20,'logged_out','2016-08-14 12:14:47'),(247,19,'logged_in','2016-08-14 13:14:47'),(248,16,'logged_out','2016-08-14 14:14:47'),(249,3,'rejected','2016-08-14 15:14:47'),(250,19,'logged_out','2016-08-14 16:14:47'),(251,16,'logged_in','2016-08-14 17:14:47'),(252,2,'rejected','2016-08-14 18:14:47'),(253,2,'rejected','2016-08-14 19:14:47'),(254,15,'logged_out','2016-08-14 20:14:47'),(255,12,'logged_in','2016-08-14 21:14:47'),(256,8,'logged_out','2016-08-14 22:14:47'),(257,1,'logged_in','2016-09-02 04:25:52'),(258,1,'logged_out','2016-09-02 04:32:31'),(259,1,'logged_in','2016-09-02 04:33:18'),(260,1,'logged_out','2016-09-02 07:23:40'),(261,1,'logged_in','2016-09-02 07:49:17');
/*!40000 ALTER TABLE `staff_events` ENABLE KEYS */;
UNLOCK TABLES;

--
-- Table structure for table `staff_members`
--

DROP TABLE IF EXISTS `staff_members`;
/*!40101 SET @saved_cs_client     = @@character_set_client */;
/*!40101 SET character_set_client = utf8 */;
CREATE TABLE `staff_members` (
  `id` int(11) NOT NULL AUTO_INCREMENT,
  `email` varchar(255) NOT NULL,
  `email_for_index` varchar(255) NOT NULL,
  `family_name` varchar(255) NOT NULL,
  `given_name` varchar(255) NOT NULL,
  `family_name_kana` varchar(255) NOT NULL,
  `given_name_kana` varchar(255) NOT NULL,
  `hashed_password` varchar(255) DEFAULT NULL,
  `start_date` date NOT NULL,
  `end_date` date DEFAULT NULL,
  `suspended` tinyint(1) NOT NULL DEFAULT '0',
  `created_at` datetime DEFAULT NULL,
  `updated_at` datetime DEFAULT NULL,
  PRIMARY KEY (`id`),
  UNIQUE KEY `index_staff_members_on_email_for_index` (`email_for_index`) USING BTREE,
  KEY `index_staff_members_on_family_name_kana_and_given_name_kana` (`family_name_kana`,`given_name_kana`) USING BTREE
) ENGINE=InnoDB AUTO_INCREMENT=22 DEFAULT CHARSET=utf8;
/*!40101 SET character_set_client = @saved_cs_client */;

--
-- Dumping data for table `staff_members`
--

LOCK TABLES `staff_members` WRITE;
/*!40000 ALTER TABLE `staff_members` DISABLE KEYS */;
INSERT INTO `staff_members` VALUES (1,'taro@example.com','taro@example.com','山田','太郎','ヤマダ','タロウ','$2a$10$8tVwvjf.ctUH.leEjU5mR.7XAn.yCpbfNFTe6sXU.UUuzRslm1m/u','2016-08-15',NULL,0,'2016-08-14 23:14:26','2016-08-14 23:14:26'),(2,'sato.jiro@example.com','sato.jiro@example.com','佐藤','二郎','サトウ','ジロウ','$2a$10$iIjV9bPdh9RGxEPciphLqOrpQ5pM2jUmm8x4JlYZbLCKfJalEtGtW','2016-05-07','2016-08-15',0,'2016-08-14 23:14:26','2016-08-14 23:14:26'),(3,'suzuki.saburo@example.com','suzuki.saburo@example.com','鈴木','三郎','スズキ','サブロウ','$2a$10$afCp./sGkPIIV3ZSBfCrp.5WiWZlvyux6R680VN32CYzHamcUZM5q','2016-05-08',NULL,1,'2016-08-14 23:14:26','2016-08-14 23:14:26'),(4,'takahashi.matsuko@example.com','takahashi.matsuko@example.com','髙橋','松子','タカハシ','マツコ','$2a$10$HeGh2zdwCpBTXyQcp86o0u.C7zxxzz8Zo4wBVV9MrMjvJqTPLozam','2016-05-09',NULL,0,'2016-08-14 23:14:27','2016-08-14 23:14:27'),(5,'tanaka.takeko@example.com','tanaka.takeko@example.com','田中','竹子','タナカ','タケコ','$2a$10$JFtHoW5UGBdsh/VAryamoeR1laHm9hwl2LHJhSqkM0xsUhL1PdszS','2016-05-10',NULL,0,'2016-08-14 23:14:27','2016-08-14 23:14:27'),(6,'sato.umeko@example.com','sato.umeko@example.com','佐藤','梅子','サトウ','ウメコ','$2a$10$xCevhbl9s21Jv7m7thzy3uz3moBO8EubsM4yrU3QQGNWw369Yq1Na','2016-05-11',NULL,0,'2016-08-14 23:14:27','2016-08-14 23:14:27'),(7,'suzuki.jiro@example.com','suzuki.jiro@example.com','鈴木','二郎','スズキ','ジロウ','$2a$10$h0NIrDa.y49PFtTqKue1kO8SHK4pgRK6noHTsVaMrIssZGA0Tz3yq','2016-05-12',NULL,0,'2016-08-14 23:14:27','2016-08-14 23:14:27'),(8,'takahashi.saburo@example.com','takahashi.saburo@example.com','髙橋','三郎','タカハシ','サブロウ','$2a$10$31sKhwto05TnSnOdxsd4jujoa850VqC3H7CnLoqnqsFjH8vr8iCHy','2016-05-13',NULL,0,'2016-08-14 23:14:28','2016-08-14 23:14:28'),(9,'tanaka.matsuko@example.com','tanaka.matsuko@example.com','田中','松子','タナカ','マツコ','$2a$10$GjxMt0eK1hMbOZsTZpLTaeYOT5LwF53mEankka1KPQXWrU3Y6lHRW','2016-05-14',NULL,0,'2016-08-14 23:14:28','2016-08-14 23:14:28'),(10,'sato.takeko@example.com','sato.takeko@example.com','佐藤','竹子','サトウ','タケコ','$2a$10$8LuoWai7e9CQgNIiYK.WwOo9gtq.QJu0LdS/UU.oz/eQOIOjlMfzC','2016-05-15',NULL,0,'2016-08-14 23:14:28','2016-08-14 23:14:28'),(11,'suzuki.umeko@example.com','suzuki.umeko@example.com','鈴木','梅子','スズキ','ウメコ','$2a$10$GMqibf8ZvGT1Mm.5GI0hUOAy5dAyl8mDaXFJqoU7vv8DLcXX9/hc2','2016-05-16',NULL,0,'2016-08-14 23:14:29','2016-08-14 23:14:29'),(12,'takahashi.jiro@example.com','takahashi.jiro@example.com','髙橋','二郎','タカハシ','ジロウ','$2a$10$3AJ0Nt4GYjbLRB3sbeR0b.OCV3HWGHv7ifOZH6Egz6dyc6ECbN0m2','2016-05-17',NULL,0,'2016-08-14 23:14:29','2016-08-14 23:14:29'),(13,'tanaka.saburo@example.com','tanaka.saburo@example.com','田中','三郎','タナカ','サブロウ','$2a$10$G8TLsrsqlBv7LtcYlxVRN.pQaWyrkd.oFTQDrm9HTOYIJwAqGL8Wi','2016-05-18',NULL,0,'2016-08-14 23:14:29','2016-08-14 23:14:29'),(14,'sato.matsuko@example.com','sato.matsuko@example.com','佐藤','松子','サトウ','マツコ','$2a$10$Nvr4cvHpHNvDuJVSdnSeGOo9D3ozvhA6z6P.2aUpu9mDuyFP4X23S','2016-05-19',NULL,0,'2016-08-14 23:14:30','2016-08-14 23:14:30'),(15,'suzuki.takeko@example.com','suzuki.takeko@example.com','鈴木','竹子','スズキ','タケコ','$2a$10$rpjc0LHfb9MXZsde2lf/YeIyUprWFqNsjslqt6jO/T8BisGGKDaIK','2016-05-20',NULL,0,'2016-08-14 23:14:30','2016-08-14 23:14:30'),(16,'takahashi.umeko@example.com','takahashi.umeko@example.com','髙橋','梅子','タカハシ','ウメコ','$2a$10$Mpb2N9cJF6M0E0WyXk7Ws.xpQh2xl7tZbZW14XhO/qqUkg1mMBviC','2016-05-21',NULL,0,'2016-08-14 23:14:30','2016-08-14 23:14:30'),(17,'tanaka.jiro@example.com','tanaka.jiro@example.com','田中','二郎','タナカ','ジロウ','$2a$10$yZJac87eYvs4/8au2vx6nO0H/GC7jL4YNL3XjEHi3HZ6ws3iTXtBm','2016-05-22',NULL,0,'2016-08-14 23:14:30','2016-08-14 23:14:30'),(18,'sato.saburo@example.com','sato.saburo@example.com','佐藤','三郎','サトウ','サブロウ','$2a$10$j96/HAjLwH/aRnASqKQhGOQkrw1.sUk4tY7RkVAsKKTgdn.jRzIra','2016-05-23',NULL,0,'2016-08-14 23:14:31','2016-08-14 23:14:31'),(19,'suzuki.matsuko@example.com','suzuki.matsuko@example.com','鈴木','松子','スズキ','マツコ','$2a$10$oO/UitXL4.YUJTn0XXlIWepAhFRGJrBdpEIKgU9UOOo3eaA7LWiPO','2016-05-24',NULL,0,'2016-08-14 23:14:31','2016-08-14 23:14:31'),(20,'takahashi.takeko@example.com','takahashi.takeko@example.com','髙橋','竹子','タカハシ','タケコ','$2a$10$/NU9z2QgNVuJ8hbj9ENGFOsXg/rR2n8PJfU4WP1dyL38HYapKnctC','2016-05-25',NULL,0,'2016-08-14 23:14:31','2016-08-14 23:14:31'),(21,'tanaka.umeko@example.com','tanaka.umeko@example.com','田中','梅子','タナカ','ウメコ','$2a$10$kvgtt3PiiScbjoX3ISZK9.rZAaQ9MEJQ/irdv6bjS176afYgy62.u','2016-05-26',NULL,0,'2016-08-14 23:14:32','2016-08-14 23:14:32');
/*!40000 ALTER TABLE `staff_members` ENABLE KEYS */;
UNLOCK TABLES;

--
-- Table structure for table `tags`
--

DROP TABLE IF EXISTS `tags`;
/*!40101 SET @saved_cs_client     = @@character_set_client */;
/*!40101 SET character_set_client = utf8 */;
CREATE TABLE `tags` (
  `id` int(11) NOT NULL AUTO_INCREMENT,
  `value` varchar(255) NOT NULL,
  PRIMARY KEY (`id`),
  UNIQUE KEY `index_tags_on_value` (`value`) USING BTREE
) ENGINE=InnoDB DEFAULT CHARSET=utf8;
/*!40101 SET character_set_client = @saved_cs_client */;

--
-- Dumping data for table `tags`
--

LOCK TABLES `tags` WRITE;
/*!40000 ALTER TABLE `tags` DISABLE KEYS */;
/*!40000 ALTER TABLE `tags` ENABLE KEYS */;
UNLOCK TABLES;
/*!40103 SET TIME_ZONE=@OLD_TIME_ZONE */;

/*!40101 SET SQL_MODE=@OLD_SQL_MODE */;
/*!40014 SET FOREIGN_KEY_CHECKS=@OLD_FOREIGN_KEY_CHECKS */;
/*!40014 SET UNIQUE_CHECKS=@OLD_UNIQUE_CHECKS */;
/*!40101 SET CHARACTER_SET_CLIENT=@OLD_CHARACTER_SET_CLIENT */;
/*!40101 SET CHARACTER_SET_RESULTS=@OLD_CHARACTER_SET_RESULTS */;
/*!40101 SET COLLATION_CONNECTION=@OLD_COLLATION_CONNECTION */;
/*!40111 SET SQL_NOTES=@OLD_SQL_NOTES */;

-- Dump completed on 2016-09-05 10:59:14
